2024-09-23 13:06:15 0 [Note] Starting MariaDB 10.4.32-MariaDB source revision c4143f909528e3fab0677a28631d10389354c491 as process 14576
2024-09-23 13:06:15 0 [Note] InnoDB: Mutexes and rw_locks use Windows interlocked functions
2024-09-23 13:06:15 0 [Note] InnoDB: Uses event mutexes
2024-09-23 13:06:15 0 [Note] InnoDB: Compressed tables use zlib 1.3
2024-09-23 13:06:15 0 [Note] InnoDB: Number of pools: 1
2024-09-23 13:06:15 0 [Note] InnoDB: Using SSE2 crc32 instructions
2024-09-23 13:06:15 0 [Note] InnoDB: Initializing buffer pool, total size = 16M, instances = 1, chunk size = 16M
2024-09-23 13:06:15 0 [Note] InnoDB: Completed initialization of buffer pool
2024-09-23 13:06:15 0 [Note] InnoDB: Starting crash recovery from checkpoint LSN=300288
2024-09-23 13:06:15 0 [Note] InnoDB: 128 out of 128 rollback segments are active.
2024-09-23 13:06:15 0 [Note] InnoDB: Removed temporary tablespace data file: "ibtmp1"
2024-09-23 13:06:15 0 [Note] InnoDB: Creating shared tablespace for temporary tables
2024-09-23 13:06:15 0 [Note] InnoDB: Setting file 'C:\xampp\mysql\data\ibtmp1' size to 12 MB. Physically writing the file full; Please wait ...
2024-09-23 13:06:15 0 [Note] InnoDB: File 'C:\xampp\mysql\data\ibtmp1' size is now 12 MB.
2024-09-23 13:06:15 0 [Note] InnoDB: Waiting for purge to start
2024-09-23 13:06:15 0 [Note] InnoDB: 10.4.32 started; log sequence number 300297; transaction id 170
2024-09-23 13:06:15 0 [Note] InnoDB: Loading buffer pool(s) from C:\xampp\mysql\data\ib_buffer_pool
2024-09-23 13:06:15 0 [Note] Plugin 'FEEDBACK' is disabled.
2024-09-23 13:06:15 0 [Note] InnoDB: Buffer pool(s) load completed at 240923 13:06:15
2024-09-23 13:06:15 0 [Note] Server socket created on IP: '::'.
2024-09-23 15:35:43 0 [Note] Starting MariaDB 10.4.32-MariaDB source revision c4143f909528e3fab0677a28631d10389354c491 as process 14588
2024-09-23 15:35:43 0 [Note] InnoDB: Mutexes and rw_locks use Windows interlocked functions
2024-09-23 15:35:43 0 [Note] InnoDB: Uses event mutexes
2024-09-23 15:35:43 0 [Note] InnoDB: Compressed tables use zlib 1.3
2024-09-23 15:35:43 0 [Note] InnoDB: Number of pools: 1
2024-09-23 15:35:43 0 [Note] InnoDB: Using SSE2 crc32 instructions
2024-09-23 15:35:43 0 [Note] InnoDB: Initializing buffer pool, total size = 16M, instances = 1, chunk size = 16M
2024-09-23 15:35:43 0 [Note] InnoDB: Completed initialization of buffer pool
2024-09-23 15:35:43 0 [Note] InnoDB: Starting crash recovery from checkpoint LSN=2818778
2024-09-23 15:35:44 0 [Note] InnoDB: 128 out of 128 rollback segments are active.
2024-09-23 15:35:44 0 [Note] InnoDB: Removed temporary tablespace data file: "ibtmp1"
2024-09-23 15:35:44 0 [Note] InnoDB: Creating shared tablespace for temporary tables
2024-09-23 15:35:44 0 [Note] InnoDB: Setting file 'C:\xampp\mysql\data\ibtmp1' size to 12 MB. Physically writing the file full; Please wait ...
2024-09-23 15:35:44 0 [Note] InnoDB: File 'C:\xampp\mysql\data\ibtmp1' size is now 12 MB.
2024-09-23 15:35:44 0 [Note] InnoDB: Waiting for purge to start
2024-09-23 15:35:44 0 [Note] InnoDB: 10.4.32 started; log sequence number 2818787; transaction id 1936
2024-09-23 15:35:44 0 [Note] InnoDB: Loading buffer pool(s) from C:\xampp\mysql\data\ib_buffer_pool
2024-09-23 15:35:44 0 [Note] Plugin 'FEEDBACK' is disabled.
2024-09-23 15:35:44 0 [Note] InnoDB: Buffer pool(s) load completed at 240923 15:35:44
2024-09-23 15:35:44 0 [Note] Server socket created on IP: '::'.
2024-09-24 16:09:34 0 [Note] Starting MariaDB 10.4.32-MariaDB source revision c4143f909528e3fab0677a28631d10389354c491 as process 8928
2024-09-24 16:09:34 0 [Note] InnoDB: Mutexes and rw_locks use Windows interlocked functions
2024-09-24 16:09:34 0 [Note] InnoDB: Uses event mutexes
2024-09-24 16:09:34 0 [Note] InnoDB: Compressed tables use zlib 1.3
2024-09-24 16:09:34 0 [Note] InnoDB: Number of pools: 1
2024-09-24 16:09:34 0 [Note] InnoDB: Using SSE2 crc32 instructions
2024-09-24 16:09:34 0 [Note] InnoDB: Initializing buffer pool, total size = 16M, instances = 1, chunk size = 16M
2024-09-24 16:09:34 0 [Note] InnoDB: Completed initialization of buffer pool
2024-09-24 16:09:34 0 [Note] InnoDB: Starting crash recovery from checkpoint LSN=2832407
2024-09-24 16:09:35 0 [Note] InnoDB: 128 out of 128 rollback segments are active.
2024-09-24 16:09:35 0 [Note] InnoDB: Removed temporary tablespace data file: "ibtmp1"
2024-09-24 16:09:35 0 [Note] InnoDB: Creating shared tablespace for temporary tables
2024-09-24 16:09:35 0 [Note] InnoDB: Setting file 'C:\xampp\mysql\data\ibtmp1' size to 12 MB. Physically writing the file full; Please wait ...
2024-09-24 16:09:35 0 [Note] InnoDB: File 'C:\xampp\mysql\data\ibtmp1' size is now 12 MB.
2024-09-24 16:09:35 0 [Note] InnoDB: Waiting for purge to start
2024-09-24 16:09:35 0 [Note] InnoDB: 10.4.32 started; log sequence number 2832416; transaction id 2014
2024-09-24 16:09:35 0 [Note] InnoDB: Loading buffer pool(s) from C:\xampp\mysql\data\ib_buffer_pool
2024-09-24 16:09:35 0 [Note] Plugin 'FEEDBACK' is disabled.
2024-09-24 16:09:35 0 [Note] Server socket created on IP: '::'.
2024-09-24 16:09:35 0 [Note] InnoDB: Buffer pool(s) load completed at 240924 16:09:35
2024-09-25 16:59:54 0 [Note] Starting MariaDB 10.4.32-MariaDB source revision c4143f909528e3fab0677a28631d10389354c491 as process 18140
2024-09-25 16:59:54 0 [Note] InnoDB: Mutexes and rw_locks use Windows interlocked functions
2024-09-25 16:59:54 0 [Note] InnoDB: Uses event mutexes
2024-09-25 16:59:54 0 [Note] InnoDB: Compressed tables use zlib 1.3
2024-09-25 16:59:54 0 [Note] InnoDB: Number of pools: 1
2024-09-25 16:59:54 0 [Note] InnoDB: Using SSE2 crc32 instructions
2024-09-25 16:59:54 0 [Note] InnoDB: Initializing buffer pool, total size = 16M, instances = 1, chunk size = 16M
2024-09-25 16:59:54 0 [Note] InnoDB: Completed initialization of buffer pool
2024-09-25 16:59:54 0 [Note] InnoDB: Starting crash recovery from checkpoint LSN=2833461
2024-09-25 16:59:57 0 [Note] InnoDB: 128 out of 128 rollback segments are active.
2024-09-25 16:59:57 0 [Note] InnoDB: Removed temporary tablespace data file: "ibtmp1"
2024-09-25 16:59:57 0 [Note] InnoDB: Creating shared tablespace for temporary tables
2024-09-25 16:59:57 0 [Note] InnoDB: Setting file 'C:\xampp\mysql\data\ibtmp1' size to 12 MB. Physically writing the file full; Please wait ...
2024-09-25 16:59:57 0 [Note] InnoDB: File 'C:\xampp\mysql\data\ibtmp1' size is now 12 MB.
2024-09-25 16:59:57 0 [Note] InnoDB: Waiting for purge to start
2024-09-25 16:59:57 0 [Note] InnoDB: 10.4.32 started; log sequence number 2833470; transaction id 2040
2024-09-25 16:59:57 0 [Note] InnoDB: Loading buffer pool(s) from C:\xampp\mysql\data\ib_buffer_pool
2024-09-25 16:59:57 0 [Note] Plugin 'FEEDBACK' is disabled.
2024-09-25 16:59:57 0 [Note] InnoDB: Buffer pool(s) load completed at 240925 16:59:57
2024-09-25 16:59:57 0 [Note] Server socket created on IP: '::'.
2024-09-26 17:12:01 0 [Note] Starting MariaDB 10.4.32-MariaDB source revision c4143f909528e3fab0677a28631d10389354c491 as process 5964
2024-09-26 17:12:01 0 [Note] InnoDB: Mutexes and rw_locks use Windows interlocked functions
2024-09-26 17:12:01 0 [Note] InnoDB: Uses event mutexes
2024-09-26 17:12:01 0 [Note] InnoDB: Compressed tables use zlib 1.3
2024-09-26 17:12:01 0 [Note] InnoDB: Number of pools: 1
2024-09-26 17:12:01 0 [Note] InnoDB: Using SSE2 crc32 instructions
2024-09-26 17:12:01 0 [Note] InnoDB: Initializing buffer pool, total size = 16M, instances = 1, chunk size = 16M
2024-09-26 17:12:01 0 [Note] InnoDB: Completed initialization of buffer pool
2024-09-26 17:12:01 0 [Note] InnoDB: Starting crash recovery from checkpoint LSN=2857019
2024-09-26 17:12:02 0 [Note] InnoDB: 128 out of 128 rollback segments are active.
2024-09-26 17:12:02 0 [Note] InnoDB: Removed temporary tablespace data file: "ibtmp1"
2024-09-26 17:12:02 0 [Note] InnoDB: Creating shared tablespace for temporary tables
2024-09-26 17:12:02 0 [Note] InnoDB: Setting file 'C:\xampp\mysql\data\ibtmp1' size to 12 MB. Physically writing the file full; Please wait ...
2024-09-26 17:12:02 0 [Note] InnoDB: File 'C:\xampp\mysql\data\ibtmp1' size is now 12 MB.
2024-09-26 17:12:02 0 [Note] InnoDB: Waiting for purge to start
2024-09-26 17:12:02 0 [Note] InnoDB: 10.4.32 started; log sequence number 2857028; transaction id 2141
2024-09-26 17:12:02 0 [Note] Plugin 'FEEDBACK' is disabled.
2024-09-26 17:12:02 0 [Note] InnoDB: Loading buffer pool(s) from C:\xampp\mysql\data\ib_buffer_pool
2024-09-26 17:12:02 0 [Note] InnoDB: Buffer pool(s) load completed at 240926 17:12:02
2024-09-26 17:12:02 0 [Note] Server socket created on IP: '::'.
2024-09-27  6:52:51 0 [Note] Starting MariaDB 10.4.32-MariaDB source revision c4143f909528e3fab0677a28631d10389354c491 as process 108
2024-09-27  6:52:51 0 [Note] InnoDB: Mutexes and rw_locks use Windows interlocked functions
2024-09-27  6:52:51 0 [Note] InnoDB: Uses event mutexes
2024-09-27  6:52:51 0 [Note] InnoDB: Compressed tables use zlib 1.3
2024-09-27  6:52:51 0 [Note] InnoDB: Number of pools: 1
2024-09-27  6:52:51 0 [Note] InnoDB: Using SSE2 crc32 instructions
2024-09-27  6:52:51 0 [Note] InnoDB: Initializing buffer pool, total size = 16M, instances = 1, chunk size = 16M
2024-09-27  6:52:51 0 [Note] InnoDB: Completed initialization of buffer pool
2024-09-27  6:52:51 0 [Note] InnoDB: Starting crash recovery from checkpoint LSN=2887084
2024-09-27  6:52:52 0 [Note] InnoDB: 128 out of 128 rollback segments are active.
2024-09-27  6:52:52 0 [Note] InnoDB: Removed temporary tablespace data file: "ibtmp1"
2024-09-27  6:52:52 0 [Note] InnoDB: Creating shared tablespace for temporary tables
2024-09-27  6:52:52 0 [Note] InnoDB: Setting file 'C:\xampp\mysql\data\ibtmp1' size to 12 MB. Physically writing the file full; Please wait ...
2024-09-27  6:52:52 0 [Note] InnoDB: File 'C:\xampp\mysql\data\ibtmp1' size is now 12 MB.
2024-09-27  6:52:52 0 [Note] InnoDB: Waiting for purge to start
2024-09-27  6:52:52 0 [Note] InnoDB: 10.4.32 started; log sequence number 2887093; transaction id 2249
2024-09-27  6:52:52 0 [Note] InnoDB: Loading buffer pool(s) from C:\xampp\mysql\data\ib_buffer_pool
2024-09-27  6:52:52 0 [Note] Plugin 'FEEDBACK' is disabled.
2024-09-27  6:52:52 0 [Note] Server socket created on IP: '::'.
2024-09-30 17:29:20 0 [Note] Starting MariaDB 10.4.32-MariaDB source revision c4143f909528e3fab0677a28631d10389354c491 as process 8168
2024-09-30 17:29:20 0 [Note] InnoDB: Mutexes and rw_locks use Windows interlocked functions
2024-09-30 17:29:20 0 [Note] InnoDB: Uses event mutexes
2024-09-30 17:29:20 0 [Note] InnoDB: Compressed tables use zlib 1.3
2024-09-30 17:29:20 0 [Note] InnoDB: Number of pools: 1
2024-09-30 17:29:20 0 [Note] InnoDB: Using SSE2 crc32 instructions
2024-09-30 17:29:20 0 [Note] InnoDB: Initializing buffer pool, total size = 16M, instances = 1, chunk size = 16M
2024-09-30 17:29:20 0 [Note] InnoDB: Completed initialization of buffer pool
2024-09-30 17:29:20 0 [Note] InnoDB: Starting crash recovery from checkpoint LSN=3259665
2024-09-30 17:29:21 0 [Note] InnoDB: 128 out of 128 rollback segments are active.
2024-09-30 17:29:21 0 [Note] InnoDB: Removed temporary tablespace data file: "ibtmp1"
2024-09-30 17:29:21 0 [Note] InnoDB: Creating shared tablespace for temporary tables
2024-09-30 17:29:21 0 [Note] InnoDB: Setting file 'C:\xampp\mysql\data\ibtmp1' size to 12 MB. Physically writing the file full; Please wait ...
2024-09-30 17:29:21 0 [Note] InnoDB: File 'C:\xampp\mysql\data\ibtmp1' size is now 12 MB.
2024-09-30 17:29:21 0 [Note] InnoDB: Waiting for purge to start
2024-09-30 17:29:21 0 [Note] InnoDB: 10.4.32 started; log sequence number 3259674; transaction id 2733
2024-09-30 17:29:21 0 [Note] InnoDB: Loading buffer pool(s) from C:\xampp\mysql\data\ib_buffer_pool
2024-09-30 17:29:21 0 [Note] Plugin 'FEEDBACK' is disabled.
2024-09-30 17:29:21 0 [Note] InnoDB: Buffer pool(s) load completed at 240930 17:29:21
2024-09-30 17:29:21 0 [Note] Server socket created on IP: '::'.
2024-09-30 17:29:21 0 [ERROR] Can't start server: Bind on TCP/IP port. Got error: 10048: Solo se permite un uso de cada dirección de socket (protocolo/dirección de red/puerto)

2024-09-30 17:29:21 0 [ERROR] Do you already have another mysqld server running on port: 3306 ?
2024-09-30 17:29:21 0 [ERROR] Aborting
2024-09-30 17:29:25 0 [Note] Starting MariaDB 10.4.32-MariaDB source revision c4143f909528e3fab0677a28631d10389354c491 as process 20892
2024-09-30 17:29:25 0 [Note] InnoDB: Mutexes and rw_locks use Windows interlocked functions
2024-09-30 17:29:25 0 [Note] InnoDB: Uses event mutexes
2024-09-30 17:29:25 0 [Note] InnoDB: Compressed tables use zlib 1.3
2024-09-30 17:29:25 0 [Note] InnoDB: Number of pools: 1
2024-09-30 17:29:25 0 [Note] InnoDB: Using SSE2 crc32 instructions
2024-09-30 17:29:25 0 [Note] InnoDB: Initializing buffer pool, total size = 16M, instances = 1, chunk size = 16M
2024-09-30 17:29:25 0 [Note] InnoDB: Completed initialization of buffer pool
2024-09-30 17:29:25 0 [Note] InnoDB: 128 out of 128 rollback segments are active.
2024-09-30 17:29:25 0 [Note] InnoDB: Creating shared tablespace for temporary tables
2024-09-30 17:29:25 0 [Note] InnoDB: Setting file 'C:\xampp\mysql\data\ibtmp1' size to 12 MB. Physically writing the file full; Please wait ...
2024-09-30 17:29:25 0 [Note] InnoDB: File 'C:\xampp\mysql\data\ibtmp1' size is now 12 MB.
2024-09-30 17:29:25 0 [Note] InnoDB: Waiting for purge to start
2024-09-30 17:29:25 0 [Note] InnoDB: 10.4.32 started; log sequence number 3259683; transaction id 2733
2024-09-30 17:29:25 0 [Note] InnoDB: Loading buffer pool(s) from C:\xampp\mysql\data\ib_buffer_pool
2024-09-30 17:29:25 0 [Note] Plugin 'FEEDBACK' is disabled.
2024-09-30 17:29:25 0 [Note] InnoDB: Buffer pool(s) load completed at 240930 17:29:25
2024-09-30 17:29:25 0 [Note] Server socket created on IP: '::'.
2024-09-30 17:29:25 0 [ERROR] Can't start server: Bind on TCP/IP port. Got error: 10048: Solo se permite un uso de cada dirección de socket (protocolo/dirección de red/puerto)

2024-09-30 17:29:25 0 [ERROR] Do you already have another mysqld server running on port: 3306 ?
2024-09-30 17:29:25 0 [ERROR] Aborting
2024-09-30 17:31:12 0 [Note] Starting MariaDB 10.4.32-MariaDB source revision c4143f909528e3fab0677a28631d10389354c491 as process 17812
2024-09-30 17:31:12 0 [Note] InnoDB: Mutexes and rw_locks use Windows interlocked functions
2024-09-30 17:31:12 0 [Note] InnoDB: Uses event mutexes
2024-09-30 17:31:12 0 [Note] InnoDB: Compressed tables use zlib 1.3
2024-09-30 17:31:12 0 [Note] InnoDB: Number of pools: 1
2024-09-30 17:31:12 0 [Note] InnoDB: Using SSE2 crc32 instructions
2024-09-30 17:31:12 0 [Note] InnoDB: Initializing buffer pool, total size = 16M, instances = 1, chunk size = 16M
2024-09-30 17:31:12 0 [Note] InnoDB: Completed initialization of buffer pool
2024-09-30 17:31:12 0 [Note] InnoDB: 128 out of 128 rollback segments are active.
2024-09-30 17:31:12 0 [Note] InnoDB: Creating shared tablespace for temporary tables
2024-09-30 17:31:12 0 [Note] InnoDB: Setting file 'C:\xampp\mysql\data\ibtmp1' size to 12 MB. Physically writing the file full; Please wait ...
2024-09-30 17:31:12 0 [Note] InnoDB: File 'C:\xampp\mysql\data\ibtmp1' size is now 12 MB.
2024-09-30 17:31:12 0 [Note] InnoDB: Waiting for purge to start
2024-09-30 17:31:12 0 [Note] InnoDB: 10.4.32 started; log sequence number 3259692; transaction id 2733
2024-09-30 17:31:12 0 [Note] InnoDB: Loading buffer pool(s) from C:\xampp\mysql\data\ib_buffer_pool
2024-09-30 17:31:12 0 [Note] Plugin 'FEEDBACK' is disabled.
2024-09-30 17:31:12 0 [Note] InnoDB: Buffer pool(s) load completed at 240930 17:31:12
2024-09-30 17:31:12 0 [Note] Server socket created on IP: '::'.
2024-09-30 17:31:12 0 [ERROR] Can't start server: Bind on TCP/IP port. Got error: 10048: Solo se permite un uso de cada dirección de socket (protocolo/dirección de red/puerto)

2024-09-30 17:31:12 0 [ERROR] Do you already have another mysqld server running on port: 3306 ?
2024-09-30 17:31:12 0 [ERROR] Aborting
2024-09-30 17:31:30 0 [Note] Starting MariaDB 10.4.32-MariaDB source revision c4143f909528e3fab0677a28631d10389354c491 as process 6432
2024-09-30 17:31:30 0 [Note] InnoDB: Mutexes and rw_locks use Windows interlocked functions
2024-09-30 17:31:30 0 [Note] InnoDB: Uses event mutexes
2024-09-30 17:31:30 0 [Note] InnoDB: Compressed tables use zlib 1.3
2024-09-30 17:31:30 0 [Note] InnoDB: Number of pools: 1
2024-09-30 17:31:30 0 [Note] InnoDB: Using SSE2 crc32 instructions
2024-09-30 17:31:30 0 [Note] InnoDB: Initializing buffer pool, total size = 16M, instances = 1, chunk size = 16M
2024-09-30 17:31:30 0 [Note] InnoDB: Completed initialization of buffer pool
2024-09-30 17:31:30 0 [Note] InnoDB: 128 out of 128 rollback segments are active.
2024-09-30 17:31:30 0 [Note] InnoDB: Creating shared tablespace for temporary tables
2024-09-30 17:31:30 0 [Note] InnoDB: Setting file 'C:\xampp\mysql\data\ibtmp1' size to 12 MB. Physically writing the file full; Please wait ...
2024-09-30 17:31:30 0 [Note] InnoDB: File 'C:\xampp\mysql\data\ibtmp1' size is now 12 MB.
2024-09-30 17:31:30 0 [Note] InnoDB: Waiting for purge to start
2024-09-30 17:31:30 0 [Note] InnoDB: 10.4.32 started; log sequence number 3259701; transaction id 2733
2024-09-30 17:31:30 0 [Note] InnoDB: Loading buffer pool(s) from C:\xampp\mysql\data\ib_buffer_pool
2024-09-30 17:31:30 0 [Note] Plugin 'FEEDBACK' is disabled.
2024-09-30 17:31:30 0 [Note] InnoDB: Buffer pool(s) load completed at 240930 17:31:30
2024-09-30 17:31:30 0 [Note] Server socket created on IP: '::'.
2024-09-30 17:31:30 0 [ERROR] Can't start server: Bind on TCP/IP port. Got error: 10048: Solo se permite un uso de cada dirección de socket (protocolo/dirección de red/puerto)

2024-09-30 17:31:30 0 [ERROR] Do you already have another mysqld server running on port: 3306 ?
2024-09-30 17:31:30 0 [ERROR] Aborting
2024-09-30 17:31:35 0 [Note] Starting MariaDB 10.4.32-MariaDB source revision c4143f909528e3fab0677a28631d10389354c491 as process 16016
2024-09-30 17:31:35 0 [Note] InnoDB: Mutexes and rw_locks use Windows interlocked functions
2024-09-30 17:31:35 0 [Note] InnoDB: Uses event mutexes
2024-09-30 17:31:35 0 [Note] InnoDB: Compressed tables use zlib 1.3
2024-09-30 17:31:35 0 [Note] InnoDB: Number of pools: 1
2024-09-30 17:31:35 0 [Note] InnoDB: Using SSE2 crc32 instructions
2024-09-30 17:31:35 0 [Note] InnoDB: Initializing buffer pool, total size = 16M, instances = 1, chunk size = 16M
2024-09-30 17:31:35 0 [Note] InnoDB: Completed initialization of buffer pool
2024-09-30 17:31:36 0 [Note] InnoDB: 128 out of 128 rollback segments are active.
2024-09-30 17:31:36 0 [Note] InnoDB: Creating shared tablespace for temporary tables
2024-09-30 17:31:36 0 [Note] InnoDB: Setting file 'C:\xampp\mysql\data\ibtmp1' size to 12 MB. Physically writing the file full; Please wait ...
2024-09-30 17:31:36 0 [Note] InnoDB: File 'C:\xampp\mysql\data\ibtmp1' size is now 12 MB.
2024-09-30 17:31:36 0 [Note] InnoDB: Waiting for purge to start
2024-09-30 17:31:36 0 [Note] InnoDB: 10.4.32 started; log sequence number 3259710; transaction id 2733
2024-09-30 17:31:36 0 [Note] InnoDB: Loading buffer pool(s) from C:\xampp\mysql\data\ib_buffer_pool
2024-09-30 17:31:36 0 [Note] Plugin 'FEEDBACK' is disabled.
2024-09-30 17:31:36 0 [Note] InnoDB: Buffer pool(s) load completed at 240930 17:31:36
2024-09-30 17:31:36 0 [Note] Server socket created on IP: '::'.
2024-09-30 17:31:36 0 [ERROR] Can't start server: Bind on TCP/IP port. Got error: 10048: Solo se permite un uso de cada dirección de socket (protocolo/dirección de red/puerto)

2024-09-30 17:31:36 0 [ERROR] Do you already have another mysqld server running on port: 3306 ?
2024-09-30 17:31:36 0 [ERROR] Aborting
2024-09-30 17:34:53 0 [Note] Starting MariaDB 10.4.32-MariaDB source revision c4143f909528e3fab0677a28631d10389354c491 as process 12744
2024-09-30 17:34:53 0 [Note] InnoDB: Mutexes and rw_locks use Windows interlocked functions
2024-09-30 17:34:53 0 [Note] InnoDB: Uses event mutexes
2024-09-30 17:34:53 0 [Note] InnoDB: Compressed tables use zlib 1.3
2024-09-30 17:34:53 0 [Note] InnoDB: Number of pools: 1
2024-09-30 17:34:53 0 [Note] InnoDB: Using SSE2 crc32 instructions
2024-09-30 17:34:53 0 [Note] InnoDB: Initializing buffer pool, total size = 16M, instances = 1, chunk size = 16M
2024-09-30 17:34:53 0 [Note] InnoDB: Completed initialization of buffer pool
2024-09-30 17:34:53 0 [Note] InnoDB: 128 out of 128 rollback segments are active.
2024-09-30 17:34:53 0 [Note] InnoDB: Creating shared tablespace for temporary tables
2024-09-30 17:34:53 0 [Note] InnoDB: Setting file 'C:\xampp\mysql\data\ibtmp1' size to 12 MB. Physically writing the file full; Please wait ...
2024-09-30 17:34:53 0 [Note] InnoDB: File 'C:\xampp\mysql\data\ibtmp1' size is now 12 MB.
2024-09-30 17:34:53 0 [Note] InnoDB: Waiting for purge to start
2024-09-30 17:34:53 0 [Note] InnoDB: 10.4.32 started; log sequence number 3259719; transaction id 2733
2024-09-30 17:34:53 0 [Note] InnoDB: Loading buffer pool(s) from C:\xampp\mysql\data\ib_buffer_pool
2024-09-30 17:34:53 0 [Note] Plugin 'FEEDBACK' is disabled.
2024-09-30 17:34:53 0 [Note] InnoDB: Buffer pool(s) load completed at 240930 17:34:53
2024-09-30 17:34:53 0 [Note] Server socket created on IP: '::'.
2024-09-30 17:34:53 0 [ERROR] Can't start server: Bind on TCP/IP port. Got error: 10048: Solo se permite un uso de cada dirección de socket (protocolo/dirección de red/puerto)

2024-09-30 17:34:53 0 [ERROR] Do you already have another mysqld server running on port: 3306 ?
2024-09-30 17:34:53 0 [ERROR] Aborting
2024-09-30 17:35:40 0 [Note] Starting MariaDB 10.4.32-MariaDB source revision c4143f909528e3fab0677a28631d10389354c491 as process 19164
2024-09-30 17:35:40 0 [Note] InnoDB: Mutexes and rw_locks use Windows interlocked functions
2024-09-30 17:35:40 0 [Note] InnoDB: Uses event mutexes
2024-09-30 17:35:40 0 [Note] InnoDB: Compressed tables use zlib 1.3
2024-09-30 17:35:40 0 [Note] InnoDB: Number of pools: 1
2024-09-30 17:35:40 0 [Note] InnoDB: Using SSE2 crc32 instructions
2024-09-30 17:35:40 0 [Note] InnoDB: Initializing buffer pool, total size = 16M, instances = 1, chunk size = 16M
2024-09-30 17:35:40 0 [Note] InnoDB: Completed initialization of buffer pool
2024-09-30 17:35:40 0 [Note] InnoDB: 128 out of 128 rollback segments are active.
2024-09-30 17:35:40 0 [Note] InnoDB: Creating shared tablespace for temporary tables
2024-09-30 17:35:40 0 [Note] InnoDB: Setting file 'C:\xampp\mysql\data\ibtmp1' size to 12 MB. Physically writing the file full; Please wait ...
2024-09-30 17:35:40 0 [Note] InnoDB: File 'C:\xampp\mysql\data\ibtmp1' size is now 12 MB.
2024-09-30 17:35:40 0 [Note] InnoDB: Waiting for purge to start
2024-09-30 17:35:41 0 [Note] InnoDB: 10.4.32 started; log sequence number 3259728; transaction id 2733
2024-09-30 17:35:41 0 [Note] InnoDB: Loading buffer pool(s) from C:\xampp\mysql\data\ib_buffer_pool
2024-09-30 17:35:41 0 [Note] Plugin 'FEEDBACK' is disabled.
2024-09-30 17:35:41 0 [Note] Server socket created on IP: '::'.
2024-09-30 17:35:41 0 [Note] InnoDB: Buffer pool(s) load completed at 240930 17:35:41
2024-09-30 17:35:41 0 [ERROR] Can't start server: Bind on TCP/IP port. Got error: 10048: Solo se permite un uso de cada dirección de socket (protocolo/dirección de red/puerto)

2024-09-30 17:35:41 0 [ERROR] Do you already have another mysqld server running on port: 3306 ?
2024-09-30 17:35:41 0 [ERROR] Aborting
2024-09-30 17:35:54 0 [Note] Starting MariaDB 10.4.32-MariaDB source revision c4143f909528e3fab0677a28631d10389354c491 as process 15248
2024-09-30 17:35:54 0 [Note] InnoDB: Mutexes and rw_locks use Windows interlocked functions
2024-09-30 17:35:54 0 [Note] InnoDB: Uses event mutexes
2024-09-30 17:35:54 0 [Note] InnoDB: Compressed tables use zlib 1.3
2024-09-30 17:35:54 0 [Note] InnoDB: Number of pools: 1
2024-09-30 17:35:54 0 [Note] InnoDB: Using SSE2 crc32 instructions
2024-09-30 17:35:54 0 [Note] InnoDB: Initializing buffer pool, total size = 16M, instances = 1, chunk size = 16M
2024-09-30 17:35:54 0 [Note] InnoDB: Completed initialization of buffer pool
2024-09-30 17:35:55 0 [Note] InnoDB: 128 out of 128 rollback segments are active.
2024-09-30 17:35:55 0 [Note] InnoDB: Creating shared tablespace for temporary tables
2024-09-30 17:35:55 0 [Note] InnoDB: Setting file 'C:\xampp\mysql\data\ibtmp1' size to 12 MB. Physically writing the file full; Please wait ...
2024-09-30 17:35:55 0 [Note] InnoDB: File 'C:\xampp\mysql\data\ibtmp1' size is now 12 MB.
2024-09-30 17:35:55 0 [Note] InnoDB: Waiting for purge to start
2024-09-30 17:35:55 0 [Note] InnoDB: 10.4.32 started; log sequence number 3259737; transaction id 2733
2024-09-30 17:35:55 0 [Note] InnoDB: Loading buffer pool(s) from C:\xampp\mysql\data\ib_buffer_pool
2024-09-30 17:35:55 0 [Note] Plugin 'FEEDBACK' is disabled.
2024-09-30 17:35:55 0 [Note] Server socket created on IP: '::'.
2024-09-30 17:35:55 0 [Note] InnoDB: Buffer pool(s) load completed at 240930 17:35:55
2024-09-30 17:35:55 0 [ERROR] Can't start server: Bind on TCP/IP port. Got error: 10048: Solo se permite un uso de cada dirección de socket (protocolo/dirección de red/puerto)

2024-09-30 17:35:55 0 [ERROR] Do you already have another mysqld server running on port: 3306 ?
2024-09-30 17:35:55 0 [ERROR] Aborting
2024-09-30 17:35:59 0 [Note] Starting MariaDB 10.4.32-MariaDB source revision c4143f909528e3fab0677a28631d10389354c491 as process 10772
2024-09-30 17:35:59 0 [Note] InnoDB: Mutexes and rw_locks use Windows interlocked functions
2024-09-30 17:35:59 0 [Note] InnoDB: Uses event mutexes
2024-09-30 17:35:59 0 [Note] InnoDB: Compressed tables use zlib 1.3
2024-09-30 17:35:59 0 [Note] InnoDB: Number of pools: 1
2024-09-30 17:35:59 0 [Note] InnoDB: Using SSE2 crc32 instructions
2024-09-30 17:35:59 0 [Note] InnoDB: Initializing buffer pool, total size = 16M, instances = 1, chunk size = 16M
2024-09-30 17:35:59 0 [Note] InnoDB: Completed initialization of buffer pool
2024-09-30 17:35:59 0 [Note] InnoDB: 128 out of 128 rollback segments are active.
2024-09-30 17:35:59 0 [Note] InnoDB: Creating shared tablespace for temporary tables
2024-09-30 17:35:59 0 [Note] InnoDB: Setting file 'C:\xampp\mysql\data\ibtmp1' size to 12 MB. Physically writing the file full; Please wait ...
2024-09-30 17:35:59 0 [Note] InnoDB: File 'C:\xampp\mysql\data\ibtmp1' size is now 12 MB.
2024-09-30 17:35:59 0 [Note] InnoDB: Waiting for purge to start
2024-09-30 17:35:59 0 [Note] InnoDB: 10.4.32 started; log sequence number 3259746; transaction id 2733
2024-09-30 17:35:59 0 [Note] InnoDB: Loading buffer pool(s) from C:\xampp\mysql\data\ib_buffer_pool
2024-09-30 17:35:59 0 [Note] Plugin 'FEEDBACK' is disabled.
2024-09-30 17:35:59 0 [Note] InnoDB: Buffer pool(s) load completed at 240930 17:35:59
2024-09-30 17:35:59 0 [Note] Server socket created on IP: '::'.
2024-09-30 17:35:59 0 [ERROR] Can't start server: Bind on TCP/IP port. Got error: 10048: Solo se permite un uso de cada dirección de socket (protocolo/dirección de red/puerto)

2024-09-30 17:35:59 0 [ERROR] Do you already have another mysqld server running on port: 3306 ?
2024-09-30 17:35:59 0 [ERROR] Aborting
2024-09-30 17:36:17 0 [Note] Starting MariaDB 10.4.32-MariaDB source revision c4143f909528e3fab0677a28631d10389354c491 as process 17304
2024-09-30 17:36:17 0 [Note] InnoDB: Mutexes and rw_locks use Windows interlocked functions
2024-09-30 17:36:17 0 [Note] InnoDB: Uses event mutexes
2024-09-30 17:36:17 0 [Note] InnoDB: Compressed tables use zlib 1.3
2024-09-30 17:36:17 0 [Note] InnoDB: Number of pools: 1
2024-09-30 17:36:17 0 [Note] InnoDB: Using SSE2 crc32 instructions
2024-09-30 17:36:17 0 [Note] InnoDB: Initializing buffer pool, total size = 16M, instances = 1, chunk size = 16M
2024-09-30 17:36:17 0 [Note] InnoDB: Completed initialization of buffer pool
2024-09-30 17:36:17 0 [Note] InnoDB: 128 out of 128 rollback segments are active.
2024-09-30 17:36:17 0 [Note] InnoDB: Creating shared tablespace for temporary tables
2024-09-30 17:36:17 0 [Note] InnoDB: Setting file 'C:\xampp\mysql\data\ibtmp1' size to 12 MB. Physically writing the file full; Please wait ...
2024-09-30 17:36:17 0 [Note] InnoDB: File 'C:\xampp\mysql\data\ibtmp1' size is now 12 MB.
2024-09-30 17:36:17 0 [Note] InnoDB: Waiting for purge to start
2024-09-30 17:36:17 0 [Note] InnoDB: 10.4.32 started; log sequence number 3259755; transaction id 2733
2024-09-30 17:36:17 0 [Note] InnoDB: Loading buffer pool(s) from C:\xampp\mysql\data\ib_buffer_pool
2024-09-30 17:36:17 0 [Note] Plugin 'FEEDBACK' is disabled.
2024-09-30 17:36:17 0 [Note] InnoDB: Buffer pool(s) load completed at 240930 17:36:17
2024-09-30 17:36:17 0 [Note] Server socket created on IP: '::'.
2024-09-30 17:36:17 0 [ERROR] Can't start server: Bind on TCP/IP port. Got error: 10048: Solo se permite un uso de cada dirección de socket (protocolo/dirección de red/puerto)

2024-09-30 17:36:17 0 [ERROR] Do you already have another mysqld server running on port: 3306 ?
2024-09-30 17:36:17 0 [ERROR] Aborting
2024-09-30 17:36:32 0 [Note] Starting MariaDB 10.4.32-MariaDB source revision c4143f909528e3fab0677a28631d10389354c491 as process 17988
2024-09-30 17:36:32 0 [Note] InnoDB: Mutexes and rw_locks use Windows interlocked functions
2024-09-30 17:36:32 0 [Note] InnoDB: Uses event mutexes
2024-09-30 17:36:32 0 [Note] InnoDB: Compressed tables use zlib 1.3
2024-09-30 17:36:32 0 [Note] InnoDB: Number of pools: 1
2024-09-30 17:36:32 0 [Note] InnoDB: Using SSE2 crc32 instructions
2024-09-30 17:36:32 0 [Note] InnoDB: Initializing buffer pool, total size = 16M, instances = 1, chunk size = 16M
2024-09-30 17:36:32 0 [Note] InnoDB: Completed initialization of buffer pool
2024-09-30 17:36:32 0 [Note] InnoDB: 128 out of 128 rollback segments are active.
2024-09-30 17:36:32 0 [Note] InnoDB: Creating shared tablespace for temporary tables
2024-09-30 17:36:32 0 [Note] InnoDB: Setting file 'C:\xampp\mysql\data\ibtmp1' size to 12 MB. Physically writing the file full; Please wait ...
2024-09-30 17:36:32 0 [Note] InnoDB: File 'C:\xampp\mysql\data\ibtmp1' size is now 12 MB.
2024-09-30 17:36:32 0 [Note] InnoDB: Waiting for purge to start
2024-09-30 17:36:32 0 [Note] InnoDB: 10.4.32 started; log sequence number 3259764; transaction id 2733
2024-09-30 17:36:32 0 [Note] InnoDB: Loading buffer pool(s) from C:\xampp\mysql\data\ib_buffer_pool
2024-09-30 17:36:32 0 [Note] Plugin 'FEEDBACK' is disabled.
2024-09-30 17:36:32 0 [Note] InnoDB: Buffer pool(s) load completed at 240930 17:36:32
2024-09-30 17:36:32 0 [Note] Server socket created on IP: '::'.
2024-09-30 17:36:32 0 [ERROR] Can't start server: Bind on TCP/IP port. Got error: 10048: Solo se permite un uso de cada dirección de socket (protocolo/dirección de red/puerto)

2024-09-30 17:36:32 0 [ERROR] Do you already have another mysqld server running on port: 3306 ?
2024-09-30 17:36:32 0 [ERROR] Aborting
2024-09-30 17:39:00 0 [Note] Starting MariaDB 10.4.32-MariaDB source revision c4143f909528e3fab0677a28631d10389354c491 as process 7572
2024-09-30 17:39:00 0 [Note] InnoDB: Mutexes and rw_locks use Windows interlocked functions
2024-09-30 17:39:00 0 [Note] InnoDB: Uses event mutexes
2024-09-30 17:39:00 0 [Note] InnoDB: Compressed tables use zlib 1.3
2024-09-30 17:39:00 0 [Note] InnoDB: Number of pools: 1
2024-09-30 17:39:00 0 [Note] InnoDB: Using SSE2 crc32 instructions
2024-09-30 17:39:00 0 [Note] InnoDB: Initializing buffer pool, total size = 16M, instances = 1, chunk size = 16M
2024-09-30 17:39:00 0 [Note] InnoDB: Completed initialization of buffer pool
2024-09-30 17:39:00 0 [Note] InnoDB: 128 out of 128 rollback segments are active.
2024-09-30 17:39:00 0 [Note] InnoDB: Creating shared tablespace for temporary tables
2024-09-30 17:39:00 0 [Note] InnoDB: Setting file 'C:\xampp\mysql\data\ibtmp1' size to 12 MB. Physically writing the file full; Please wait ...
2024-09-30 17:39:00 0 [Note] InnoDB: File 'C:\xampp\mysql\data\ibtmp1' size is now 12 MB.
2024-09-30 17:39:00 0 [Note] InnoDB: Waiting for purge to start
2024-09-30 17:39:00 0 [Note] InnoDB: 10.4.32 started; log sequence number 3259773; transaction id 2733
2024-09-30 17:39:00 0 [Note] InnoDB: Loading buffer pool(s) from C:\xampp\mysql\data\ib_buffer_pool
2024-09-30 17:39:00 0 [Note] Plugin 'FEEDBACK' is disabled.
2024-09-30 17:39:00 0 [Note] InnoDB: Buffer pool(s) load completed at 240930 17:39:00
2024-09-30 17:39:00 0 [Note] Server socket created on IP: '::'.
2024-09-30 17:39:00 0 [ERROR] Can't start server: Bind on TCP/IP port. Got error: 10048: Solo se permite un uso de cada dirección de socket (protocolo/dirección de red/puerto)

2024-09-30 17:39:00 0 [ERROR] Do you already have another mysqld server running on port: 3306 ?
2024-09-30 17:39:00 0 [ERROR] Aborting
2024-09-30 17:39:05 0 [Note] Starting MariaDB 10.4.32-MariaDB source revision c4143f909528e3fab0677a28631d10389354c491 as process 18688
2024-09-30 17:39:05 0 [Note] InnoDB: Mutexes and rw_locks use Windows interlocked functions
2024-09-30 17:39:05 0 [Note] InnoDB: Uses event mutexes
2024-09-30 17:39:05 0 [Note] InnoDB: Compressed tables use zlib 1.3
2024-09-30 17:39:05 0 [Note] InnoDB: Number of pools: 1
2024-09-30 17:39:05 0 [Note] InnoDB: Using SSE2 crc32 instructions
2024-09-30 17:39:05 0 [Note] InnoDB: Initializing buffer pool, total size = 16M, instances = 1, chunk size = 16M
2024-09-30 17:39:05 0 [Note] InnoDB: Completed initialization of buffer pool
2024-09-30 17:39:05 0 [Note] InnoDB: 128 out of 128 rollback segments are active.
2024-09-30 17:39:05 0 [Note] InnoDB: Creating shared tablespace for temporary tables
2024-09-30 17:39:05 0 [Note] InnoDB: Setting file 'C:\xampp\mysql\data\ibtmp1' size to 12 MB. Physically writing the file full; Please wait ...
2024-09-30 17:39:05 0 [Note] InnoDB: File 'C:\xampp\mysql\data\ibtmp1' size is now 12 MB.
2024-09-30 17:39:05 0 [Note] InnoDB: Waiting for purge to start
2024-09-30 17:39:05 0 [Note] InnoDB: 10.4.32 started; log sequence number 3259782; transaction id 2733
2024-09-30 17:39:05 0 [Note] InnoDB: Loading buffer pool(s) from C:\xampp\mysql\data\ib_buffer_pool
2024-09-30 17:39:05 0 [Note] Plugin 'FEEDBACK' is disabled.
2024-09-30 17:39:05 0 [Note] InnoDB: Buffer pool(s) load completed at 240930 17:39:05
2024-09-30 17:39:05 0 [Note] Server socket created on IP: '::'.
2024-09-30 17:39:05 0 [ERROR] Can't start server: Bind on TCP/IP port. Got error: 10048: Solo se permite un uso de cada dirección de socket (protocolo/dirección de red/puerto)

2024-09-30 17:39:05 0 [ERROR] Do you already have another mysqld server running on port: 3306 ?
2024-09-30 17:39:05 0 [ERROR] Aborting
2024-09-30 17:42:06 0 [Note] Starting MariaDB 10.4.32-MariaDB source revision c4143f909528e3fab0677a28631d10389354c491 as process 8936
2024-09-30 17:42:06 0 [Note] InnoDB: Mutexes and rw_locks use Windows interlocked functions
2024-09-30 17:42:06 0 [Note] InnoDB: Uses event mutexes
2024-09-30 17:42:06 0 [Note] InnoDB: Compressed tables use zlib 1.3
2024-09-30 17:42:06 0 [Note] InnoDB: Number of pools: 1
2024-09-30 17:42:06 0 [Note] InnoDB: Using SSE2 crc32 instructions
2024-09-30 17:42:06 0 [Note] InnoDB: Initializing buffer pool, total size = 16M, instances = 1, chunk size = 16M
2024-09-30 17:42:06 0 [Note] InnoDB: Completed initialization of buffer pool
2024-09-30 17:42:06 0 [Note] InnoDB: 128 out of 128 rollback segments are active.
2024-09-30 17:42:06 0 [Note] InnoDB: Creating shared tablespace for temporary tables
2024-09-30 17:42:06 0 [Note] InnoDB: Setting file 'C:\xampp\mysql\data\ibtmp1' size to 12 MB. Physically writing the file full; Please wait ...
2024-09-30 17:42:06 0 [Note] InnoDB: File 'C:\xampp\mysql\data\ibtmp1' size is now 12 MB.
2024-09-30 17:42:06 0 [Note] InnoDB: Waiting for purge to start
2024-09-30 17:42:06 0 [Note] InnoDB: 10.4.32 started; log sequence number 3259791; transaction id 2733
2024-09-30 17:42:06 0 [Note] InnoDB: Loading buffer pool(s) from C:\xampp\mysql\data\ib_buffer_pool
2024-09-30 17:42:06 0 [Note] Plugin 'FEEDBACK' is disabled.
2024-09-30 17:42:06 0 [Note] InnoDB: Buffer pool(s) load completed at 240930 17:42:06
2024-09-30 17:42:06 0 [Note] Server socket created on IP: '::'.
2024-09-30 17:42:06 0 [ERROR] Can't start server: Bind on TCP/IP port. Got error: 10048: Solo se permite un uso de cada dirección de socket (protocolo/dirección de red/puerto)

2024-09-30 17:42:06 0 [ERROR] Do you already have another mysqld server running on port: 3306 ?
2024-09-30 17:42:06 0 [ERROR] Aborting
2024-09-30 17:43:00 0 [Note] Starting MariaDB 10.4.32-MariaDB source revision c4143f909528e3fab0677a28631d10389354c491 as process 2568
2024-09-30 17:43:00 0 [Note] InnoDB: Mutexes and rw_locks use Windows interlocked functions
2024-09-30 17:43:00 0 [Note] InnoDB: Uses event mutexes
2024-09-30 17:43:00 0 [Note] InnoDB: Compressed tables use zlib 1.3
2024-09-30 17:43:00 0 [Note] InnoDB: Number of pools: 1
2024-09-30 17:43:00 0 [Note] InnoDB: Using SSE2 crc32 instructions
2024-09-30 17:43:00 0 [Note] InnoDB: Initializing buffer pool, total size = 16M, instances = 1, chunk size = 16M
2024-09-30 17:43:00 0 [Note] InnoDB: Completed initialization of buffer pool
2024-09-30 17:43:00 0 [Note] InnoDB: 128 out of 128 rollback segments are active.
2024-09-30 17:43:00 0 [Note] InnoDB: Creating shared tablespace for temporary tables
2024-09-30 17:43:00 0 [Note] InnoDB: Setting file 'C:\xampp\mysql\data\ibtmp1' size to 12 MB. Physically writing the file full; Please wait ...
2024-09-30 17:43:00 0 [Note] InnoDB: File 'C:\xampp\mysql\data\ibtmp1' size is now 12 MB.
2024-09-30 17:43:00 0 [Note] InnoDB: Waiting for purge to start
2024-09-30 17:43:01 0 [Note] InnoDB: 10.4.32 started; log sequence number 3259800; transaction id 2733
2024-09-30 17:43:01 0 [Note] InnoDB: Loading buffer pool(s) from C:\xampp\mysql\data\ib_buffer_pool
2024-09-30 17:43:01 0 [Note] Plugin 'FEEDBACK' is disabled.
2024-09-30 17:43:01 0 [Note] InnoDB: Buffer pool(s) load completed at 240930 17:43:01
2024-09-30 17:43:01 0 [Note] Server socket created on IP: '::'.
2024-09-30 17:43:01 0 [ERROR] Can't start server: Bind on TCP/IP port. Got error: 10048: Solo se permite un uso de cada dirección de socket (protocolo/dirección de red/puerto)

2024-09-30 17:43:01 0 [ERROR] Do you already have another mysqld server running on port: 3306 ?
2024-09-30 17:43:01 0 [ERROR] Aborting
2024-09-30 17:44:36 0 [Note] Starting MariaDB 10.4.32-MariaDB source revision c4143f909528e3fab0677a28631d10389354c491 as process 20648
2024-09-30 17:44:36 0 [Note] InnoDB: Mutexes and rw_locks use Windows interlocked functions
2024-09-30 17:44:36 0 [Note] InnoDB: Uses event mutexes
2024-09-30 17:44:36 0 [Note] InnoDB: Compressed tables use zlib 1.3
2024-09-30 17:44:36 0 [Note] InnoDB: Number of pools: 1
2024-09-30 17:44:36 0 [Note] InnoDB: Using SSE2 crc32 instructions
2024-09-30 17:44:36 0 [Note] InnoDB: Initializing buffer pool, total size = 16M, instances = 1, chunk size = 16M
2024-09-30 17:44:36 0 [Note] InnoDB: Completed initialization of buffer pool
2024-09-30 17:44:36 0 [Note] InnoDB: 128 out of 128 rollback segments are active.
2024-09-30 17:44:36 0 [Note] InnoDB: Creating shared tablespace for temporary tables
2024-09-30 17:44:36 0 [Note] InnoDB: Setting file 'C:\xampp\mysql\data\ibtmp1' size to 12 MB. Physically writing the file full; Please wait ...
2024-09-30 17:44:36 0 [Note] InnoDB: File 'C:\xampp\mysql\data\ibtmp1' size is now 12 MB.
2024-09-30 17:44:36 0 [Note] InnoDB: Waiting for purge to start
2024-09-30 17:44:36 0 [Note] InnoDB: 10.4.32 started; log sequence number 3259809; transaction id 2733
2024-09-30 17:44:36 0 [Note] InnoDB: Loading buffer pool(s) from C:\xampp\mysql\data\ib_buffer_pool
2024-09-30 17:44:36 0 [Note] Plugin 'FEEDBACK' is disabled.
2024-09-30 17:44:36 0 [Note] InnoDB: Buffer pool(s) load completed at 240930 17:44:36
2024-09-30 17:44:36 0 [Note] Server socket created on IP: '::'.
2024-09-30 17:44:36 0 [ERROR] Can't start server: Bind on TCP/IP port. Got error: 10048: Solo se permite un uso de cada dirección de socket (protocolo/dirección de red/puerto)

2024-09-30 17:44:36 0 [ERROR] Do you already have another mysqld server running on port: 3306 ?
2024-09-30 17:44:36 0 [ERROR] Aborting
2024-09-30 17:44:51 0 [Note] Starting MariaDB 10.4.32-MariaDB source revision c4143f909528e3fab0677a28631d10389354c491 as process 804
2024-09-30 17:44:51 0 [Note] InnoDB: Mutexes and rw_locks use Windows interlocked functions
2024-09-30 17:44:51 0 [Note] InnoDB: Uses event mutexes
2024-09-30 17:44:51 0 [Note] InnoDB: Compressed tables use zlib 1.3
2024-09-30 17:44:51 0 [Note] InnoDB: Number of pools: 1
2024-09-30 17:44:51 0 [Note] InnoDB: Using SSE2 crc32 instructions
2024-09-30 17:44:51 0 [Note] InnoDB: Initializing buffer pool, total size = 16M, instances = 1, chunk size = 16M
2024-09-30 17:44:51 0 [Note] InnoDB: Completed initialization of buffer pool
2024-09-30 17:44:51 0 [Note] InnoDB: 128 out of 128 rollback segments are active.
2024-09-30 17:44:51 0 [Note] InnoDB: Creating shared tablespace for temporary tables
2024-09-30 17:44:51 0 [Note] InnoDB: Setting file 'C:\xampp\mysql\data\ibtmp1' size to 12 MB. Physically writing the file full; Please wait ...
2024-09-30 17:44:51 0 [Note] InnoDB: File 'C:\xampp\mysql\data\ibtmp1' size is now 12 MB.
2024-09-30 17:44:51 0 [Note] InnoDB: Waiting for purge to start
2024-09-30 17:44:51 0 [Note] InnoDB: 10.4.32 started; log sequence number 3259818; transaction id 2733
2024-09-30 17:44:51 0 [Note] InnoDB: Loading buffer pool(s) from C:\xampp\mysql\data\ib_buffer_pool
2024-09-30 17:44:51 0 [Note] Plugin 'FEEDBACK' is disabled.
2024-09-30 17:44:51 0 [Note] InnoDB: Buffer pool(s) load completed at 240930 17:44:51
2024-09-30 17:44:51 0 [Note] Server socket created on IP: '::'.
2024-09-30 17:44:51 0 [ERROR] Can't start server: Bind on TCP/IP port. Got error: 10048: Solo se permite un uso de cada dirección de socket (protocolo/dirección de red/puerto)

2024-09-30 17:44:51 0 [ERROR] Do you already have another mysqld server running on port: 3306 ?
2024-09-30 17:44:51 0 [ERROR] Aborting
2024-09-30 17:44:54 0 [Note] Starting MariaDB 10.4.32-MariaDB source revision c4143f909528e3fab0677a28631d10389354c491 as process 3036
2024-09-30 17:44:54 0 [Note] InnoDB: Mutexes and rw_locks use Windows interlocked functions
2024-09-30 17:44:54 0 [Note] InnoDB: Uses event mutexes
2024-09-30 17:44:54 0 [Note] InnoDB: Compressed tables use zlib 1.3
2024-09-30 17:44:54 0 [Note] InnoDB: Number of pools: 1
2024-09-30 17:44:54 0 [Note] InnoDB: Using SSE2 crc32 instructions
2024-09-30 17:44:54 0 [Note] InnoDB: Initializing buffer pool, total size = 16M, instances = 1, chunk size = 16M
2024-09-30 17:44:54 0 [Note] InnoDB: Completed initialization of buffer pool
2024-09-30 17:44:54 0 [Note] InnoDB: 128 out of 128 rollback segments are active.
2024-09-30 17:44:54 0 [Note] InnoDB: Creating shared tablespace for temporary tables
2024-09-30 17:44:54 0 [Note] InnoDB: Setting file 'C:\xampp\mysql\data\ibtmp1' size to 12 MB. Physically writing the file full; Please wait ...
2024-09-30 17:44:54 0 [Note] InnoDB: File 'C:\xampp\mysql\data\ibtmp1' size is now 12 MB.
2024-09-30 17:44:54 0 [Note] InnoDB: Waiting for purge to start
2024-09-30 17:44:54 0 [Note] InnoDB: 10.4.32 started; log sequence number 3259827; transaction id 2733
2024-09-30 17:44:54 0 [Note] InnoDB: Loading buffer pool(s) from C:\xampp\mysql\data\ib_buffer_pool
2024-09-30 17:44:54 0 [Note] Plugin 'FEEDBACK' is disabled.
2024-09-30 17:44:54 0 [Note] InnoDB: Buffer pool(s) load completed at 240930 17:44:54
2024-09-30 17:44:54 0 [Note] Server socket created on IP: '::'.
2024-09-30 17:44:54 0 [ERROR] Can't start server: Bind on TCP/IP port. Got error: 10048: Solo se permite un uso de cada dirección de socket (protocolo/dirección de red/puerto)

2024-09-30 17:44:54 0 [ERROR] Do you already have another mysqld server running on port: 3306 ?
2024-09-30 17:44:54 0 [ERROR] Aborting
2024-09-30 17:44:56 0 [Note] Starting MariaDB 10.4.32-MariaDB source revision c4143f909528e3fab0677a28631d10389354c491 as process 8336
2024-09-30 17:44:56 0 [Note] InnoDB: Mutexes and rw_locks use Windows interlocked functions
2024-09-30 17:44:56 0 [Note] InnoDB: Uses event mutexes
2024-09-30 17:44:56 0 [Note] InnoDB: Compressed tables use zlib 1.3
2024-09-30 17:44:56 0 [Note] InnoDB: Number of pools: 1
2024-09-30 17:44:56 0 [Note] InnoDB: Using SSE2 crc32 instructions
2024-09-30 17:44:56 0 [Note] InnoDB: Initializing buffer pool, total size = 16M, instances = 1, chunk size = 16M
2024-09-30 17:44:56 0 [Note] InnoDB: Completed initialization of buffer pool
2024-09-30 17:44:56 0 [Note] InnoDB: 128 out of 128 rollback segments are active.
2024-09-30 17:44:56 0 [Note] InnoDB: Creating shared tablespace for temporary tables
2024-09-30 17:44:56 0 [Note] InnoDB: Setting file 'C:\xampp\mysql\data\ibtmp1' size to 12 MB. Physically writing the file full; Please wait ...
2024-09-30 17:44:56 0 [Note] InnoDB: File 'C:\xampp\mysql\data\ibtmp1' size is now 12 MB.
2024-09-30 17:44:56 0 [Note] InnoDB: Waiting for purge to start
2024-09-30 17:44:57 0 [Note] InnoDB: 10.4.32 started; log sequence number 3259836; transaction id 2733
2024-09-30 17:44:57 0 [Note] InnoDB: Loading buffer pool(s) from C:\xampp\mysql\data\ib_buffer_pool
2024-09-30 17:44:57 0 [Note] Plugin 'FEEDBACK' is disabled.
2024-09-30 17:44:57 0 [Note] InnoDB: Buffer pool(s) load completed at 240930 17:44:57
2024-09-30 17:44:57 0 [Note] Server socket created on IP: '::'.
2024-09-30 17:44:57 0 [ERROR] Can't start server: Bind on TCP/IP port. Got error: 10048: Solo se permite un uso de cada dirección de socket (protocolo/dirección de red/puerto)

2024-09-30 17:44:57 0 [ERROR] Do you already have another mysqld server running on port: 3306 ?
2024-09-30 17:44:57 0 [ERROR] Aborting
2024-09-30 17:44:59 0 [Note] Starting MariaDB 10.4.32-MariaDB source revision c4143f909528e3fab0677a28631d10389354c491 as process 21472
2024-09-30 17:44:59 0 [Note] InnoDB: Mutexes and rw_locks use Windows interlocked functions
2024-09-30 17:44:59 0 [Note] InnoDB: Uses event mutexes
2024-09-30 17:44:59 0 [Note] InnoDB: Compressed tables use zlib 1.3
2024-09-30 17:44:59 0 [Note] InnoDB: Number of pools: 1
2024-09-30 17:44:59 0 [Note] InnoDB: Using SSE2 crc32 instructions
2024-09-30 17:44:59 0 [Note] InnoDB: Initializing buffer pool, total size = 16M, instances = 1, chunk size = 16M
2024-09-30 17:44:59 0 [Note] InnoDB: Completed initialization of buffer pool
2024-09-30 17:44:59 0 [Note] InnoDB: 128 out of 128 rollback segments are active.
2024-09-30 17:44:59 0 [Note] InnoDB: Creating shared tablespace for temporary tables
2024-09-30 17:44:59 0 [Note] InnoDB: Setting file 'C:\xampp\mysql\data\ibtmp1' size to 12 MB. Physically writing the file full; Please wait ...
2024-09-30 17:44:59 0 [Note] InnoDB: File 'C:\xampp\mysql\data\ibtmp1' size is now 12 MB.
2024-09-30 17:44:59 0 [Note] InnoDB: Waiting for purge to start
2024-09-30 17:44:59 0 [Note] InnoDB: 10.4.32 started; log sequence number 3259845; transaction id 2733
2024-09-30 17:44:59 0 [Note] InnoDB: Loading buffer pool(s) from C:\xampp\mysql\data\ib_buffer_pool
2024-09-30 17:44:59 0 [Note] Plugin 'FEEDBACK' is disabled.
2024-09-30 17:44:59 0 [Note] InnoDB: Buffer pool(s) load completed at 240930 17:44:59
2024-09-30 17:44:59 0 [Note] Server socket created on IP: '::'.
2024-09-30 17:44:59 0 [ERROR] Can't start server: Bind on TCP/IP port. Got error: 10048: Solo se permite un uso de cada dirección de socket (protocolo/dirección de red/puerto)

2024-09-30 17:44:59 0 [ERROR] Do you already have another mysqld server running on port: 3306 ?
2024-09-30 17:44:59 0 [ERROR] Aborting
2024-09-30 17:45:47 0 [Note] Starting MariaDB 10.4.32-MariaDB source revision c4143f909528e3fab0677a28631d10389354c491 as process 1476
2024-09-30 17:45:47 0 [Note] InnoDB: Mutexes and rw_locks use Windows interlocked functions
2024-09-30 17:45:47 0 [Note] InnoDB: Uses event mutexes
2024-09-30 17:45:47 0 [Note] InnoDB: Compressed tables use zlib 1.3
2024-09-30 17:45:47 0 [Note] InnoDB: Number of pools: 1
2024-09-30 17:45:47 0 [Note] InnoDB: Using SSE2 crc32 instructions
2024-09-30 17:45:47 0 [Note] InnoDB: Initializing buffer pool, total size = 16M, instances = 1, chunk size = 16M
2024-09-30 17:45:47 0 [Note] InnoDB: Completed initialization of buffer pool
2024-09-30 17:45:47 0 [Note] InnoDB: 128 out of 128 rollback segments are active.
2024-09-30 17:45:47 0 [Note] InnoDB: Creating shared tablespace for temporary tables
2024-09-30 17:45:47 0 [Note] InnoDB: Setting file 'C:\xampp\mysql\data\ibtmp1' size to 12 MB. Physically writing the file full; Please wait ...
2024-09-30 17:45:47 0 [Note] InnoDB: File 'C:\xampp\mysql\data\ibtmp1' size is now 12 MB.
2024-09-30 17:45:47 0 [Note] InnoDB: Waiting for purge to start
2024-09-30 17:45:47 0 [Note] InnoDB: 10.4.32 started; log sequence number 3259854; transaction id 2733
2024-09-30 17:45:47 0 [Note] InnoDB: Loading buffer pool(s) from C:\xampp\mysql\data\ib_buffer_pool
2024-09-30 17:45:47 0 [Note] Plugin 'FEEDBACK' is disabled.
2024-09-30 17:45:47 0 [Note] InnoDB: Buffer pool(s) load completed at 240930 17:45:47
2024-09-30 17:45:47 0 [Note] Server socket created on IP: '::'.
2024-09-30 17:45:47 0 [ERROR] Can't start server: Bind on TCP/IP port. Got error: 10048: Solo se permite un uso de cada dirección de socket (protocolo/dirección de red/puerto)

2024-09-30 17:45:47 0 [ERROR] Do you already have another mysqld server running on port: 3306 ?
2024-09-30 17:45:47 0 [ERROR] Aborting
2024-09-30 17:45:50 0 [Note] Starting MariaDB 10.4.32-MariaDB source revision c4143f909528e3fab0677a28631d10389354c491 as process 10808
2024-09-30 17:45:50 0 [Note] InnoDB: Mutexes and rw_locks use Windows interlocked functions
2024-09-30 17:45:50 0 [Note] InnoDB: Uses event mutexes
2024-09-30 17:45:50 0 [Note] InnoDB: Compressed tables use zlib 1.3
2024-09-30 17:45:50 0 [Note] InnoDB: Number of pools: 1
2024-09-30 17:45:50 0 [Note] InnoDB: Using SSE2 crc32 instructions
2024-09-30 17:45:50 0 [Note] InnoDB: Initializing buffer pool, total size = 16M, instances = 1, chunk size = 16M
2024-09-30 17:45:50 0 [Note] InnoDB: Completed initialization of buffer pool
2024-09-30 17:45:50 0 [Note] InnoDB: 128 out of 128 rollback segments are active.
2024-09-30 17:45:50 0 [Note] InnoDB: Creating shared tablespace for temporary tables
2024-09-30 17:45:50 0 [Note] InnoDB: Setting file 'C:\xampp\mysql\data\ibtmp1' size to 12 MB. Physically writing the file full; Please wait ...
2024-09-30 17:45:50 0 [Note] InnoDB: File 'C:\xampp\mysql\data\ibtmp1' size is now 12 MB.
2024-09-30 17:45:50 0 [Note] InnoDB: Waiting for purge to start
2024-09-30 17:45:50 0 [Note] InnoDB: 10.4.32 started; log sequence number 3259863; transaction id 2733
2024-09-30 17:45:50 0 [Note] InnoDB: Loading buffer pool(s) from C:\xampp\mysql\data\ib_buffer_pool
2024-09-30 17:45:50 0 [Note] Plugin 'FEEDBACK' is disabled.
2024-09-30 17:45:50 0 [Note] InnoDB: Buffer pool(s) load completed at 240930 17:45:50
2024-09-30 17:45:51 0 [Note] Server socket created on IP: '::'.
2024-09-30 17:45:51 0 [ERROR] Can't start server: Bind on TCP/IP port. Got error: 10048: Solo se permite un uso de cada dirección de socket (protocolo/dirección de red/puerto)

2024-09-30 17:45:51 0 [ERROR] Do you already have another mysqld server running on port: 3306 ?
2024-09-30 17:45:51 0 [ERROR] Aborting
2024-09-30 17:47:08 0 [Note] Starting MariaDB 10.4.32-MariaDB source revision c4143f909528e3fab0677a28631d10389354c491 as process 19504
2024-09-30 17:47:08 0 [Note] InnoDB: Mutexes and rw_locks use Windows interlocked functions
2024-09-30 17:47:08 0 [Note] InnoDB: Uses event mutexes
2024-09-30 17:47:08 0 [Note] InnoDB: Compressed tables use zlib 1.3
2024-09-30 17:47:08 0 [Note] InnoDB: Number of pools: 1
2024-09-30 17:47:08 0 [Note] InnoDB: Using SSE2 crc32 instructions
2024-09-30 17:47:08 0 [Note] InnoDB: Initializing buffer pool, total size = 16M, instances = 1, chunk size = 16M
2024-09-30 17:47:08 0 [Note] InnoDB: Completed initialization of buffer pool
2024-09-30 17:47:08 0 [Note] InnoDB: 128 out of 128 rollback segments are active.
2024-09-30 17:47:08 0 [Note] InnoDB: Creating shared tablespace for temporary tables
2024-09-30 17:47:08 0 [Note] InnoDB: Setting file 'C:\xampp\mysql\data\ibtmp1' size to 12 MB. Physically writing the file full; Please wait ...
2024-09-30 17:47:08 0 [Note] InnoDB: File 'C:\xampp\mysql\data\ibtmp1' size is now 12 MB.
2024-09-30 17:47:08 0 [Note] InnoDB: Waiting for purge to start
2024-09-30 17:47:08 0 [Note] InnoDB: 10.4.32 started; log sequence number 3259872; transaction id 2733
2024-09-30 17:47:08 0 [Note] InnoDB: Loading buffer pool(s) from C:\xampp\mysql\data\ib_buffer_pool
2024-09-30 17:47:08 0 [Note] Plugin 'FEEDBACK' is disabled.
2024-09-30 17:47:08 0 [Note] InnoDB: Buffer pool(s) load completed at 240930 17:47:08
2024-09-30 17:47:08 0 [Note] Server socket created on IP: '::'.
2024-10-02  7:15:35 0 [Note] Starting MariaDB 10.4.32-MariaDB source revision c4143f909528e3fab0677a28631d10389354c491 as process 15836
2024-10-02  7:15:35 0 [Note] InnoDB: Mutexes and rw_locks use Windows interlocked functions
2024-10-02  7:15:35 0 [Note] InnoDB: Uses event mutexes
2024-10-02  7:15:35 0 [Note] InnoDB: Compressed tables use zlib 1.3
2024-10-02  7:15:35 0 [Note] InnoDB: Number of pools: 1
2024-10-02  7:15:35 0 [Note] InnoDB: Using SSE2 crc32 instructions
2024-10-02  7:15:35 0 [Note] InnoDB: Initializing buffer pool, total size = 16M, instances = 1, chunk size = 16M
2024-10-02  7:15:35 0 [Note] InnoDB: Completed initialization of buffer pool
2024-10-02  7:15:35 0 [Note] InnoDB: Starting crash recovery from checkpoint LSN=3260794
2024-10-02  7:15:36 0 [Note] InnoDB: 128 out of 128 rollback segments are active.
2024-10-02  7:15:36 0 [Note] InnoDB: Removed temporary tablespace data file: "ibtmp1"
2024-10-02  7:15:36 0 [Note] InnoDB: Creating shared tablespace for temporary tables
2024-10-02  7:15:36 0 [Note] InnoDB: Setting file 'C:\xampp\mysql\data\ibtmp1' size to 12 MB. Physically writing the file full; Please wait ...
2024-10-02  7:15:36 0 [Note] InnoDB: File 'C:\xampp\mysql\data\ibtmp1' size is now 12 MB.
2024-10-02  7:15:36 0 [Note] InnoDB: Waiting for purge to start
2024-10-02  7:15:36 0 [Note] InnoDB: 10.4.32 started; log sequence number 3260803; transaction id 2748
2024-10-02  7:15:36 0 [Note] InnoDB: Loading buffer pool(s) from C:\xampp\mysql\data\ib_buffer_pool
2024-10-02  7:15:36 0 [Note] Plugin 'FEEDBACK' is disabled.
2024-10-02  7:15:36 0 [Note] Server socket created on IP: '::'.
2024-10-02  8:03:56 0 [Note] Starting MariaDB 10.4.32-MariaDB source revision c4143f909528e3fab0677a28631d10389354c491 as process 16388
2024-10-02  8:03:56 0 [Note] InnoDB: Mutexes and rw_locks use Windows interlocked functions
2024-10-02  8:03:56 0 [Note] InnoDB: Uses event mutexes
2024-10-02  8:03:56 0 [Note] InnoDB: Compressed tables use zlib 1.3
2024-10-02  8:03:56 0 [Note] InnoDB: Number of pools: 1
2024-10-02  8:03:56 0 [Note] InnoDB: Using SSE2 crc32 instructions
2024-10-02  8:03:56 0 [Note] InnoDB: Initializing buffer pool, total size = 16M, instances = 1, chunk size = 16M
2024-10-02  8:03:56 0 [Note] InnoDB: Completed initialization of buffer pool
2024-10-02  8:03:57 0 [Note] InnoDB: Starting crash recovery from checkpoint LSN=3338737
2024-10-02  8:03:57 0 [Note] InnoDB: 128 out of 128 rollback segments are active.
2024-10-02  8:03:57 0 [Note] InnoDB: Removed temporary tablespace data file: "ibtmp1"
2024-10-02  8:03:57 0 [Note] InnoDB: Creating shared tablespace for temporary tables
2024-10-02  8:03:57 0 [Note] InnoDB: Setting file 'C:\xampp\mysql\data\ibtmp1' size to 12 MB. Physically writing the file full; Please wait ...
2024-10-02  8:03:57 0 [Note] InnoDB: File 'C:\xampp\mysql\data\ibtmp1' size is now 12 MB.
2024-10-02  8:03:57 0 [Note] InnoDB: Waiting for purge to start
2024-10-02  8:03:57 0 [Note] InnoDB: 10.4.32 started; log sequence number 3338746; transaction id 2852
2024-10-02  8:03:57 0 [Note] InnoDB: Loading buffer pool(s) from C:\xampp\mysql\data\ib_buffer_pool
2024-10-02  8:03:57 0 [Note] Plugin 'FEEDBACK' is disabled.
2024-10-02  8:03:57 0 [Note] InnoDB: Buffer pool(s) load completed at 241002  8:03:57
2024-10-02  8:03:57 0 [Note] Server socket created on IP: '::'.
2024-10-03 18:12:57 0 [Note] Starting MariaDB 10.4.32-MariaDB source revision c4143f909528e3fab0677a28631d10389354c491 as process 13084
2024-10-03 18:12:57 0 [Note] InnoDB: Mutexes and rw_locks use Windows interlocked functions
2024-10-03 18:12:57 0 [Note] InnoDB: Uses event mutexes
2024-10-03 18:12:57 0 [Note] InnoDB: Compressed tables use zlib 1.3
2024-10-03 18:12:57 0 [Note] InnoDB: Number of pools: 1
2024-10-03 18:12:57 0 [Note] InnoDB: Using SSE2 crc32 instructions
2024-10-03 18:12:57 0 [Note] InnoDB: Initializing buffer pool, total size = 16M, instances = 1, chunk size = 16M
2024-10-03 18:12:57 0 [Note] InnoDB: Completed initialization of buffer pool
2024-10-03 18:12:57 0 [Note] InnoDB: Starting crash recovery from checkpoint LSN=3453637
2024-10-03 18:12:57 0 [Note] InnoDB: 128 out of 128 rollback segments are active.
2024-10-03 18:12:57 0 [Note] InnoDB: Removed temporary tablespace data file: "ibtmp1"
2024-10-03 18:12:57 0 [Note] InnoDB: Creating shared tablespace for temporary tables
2024-10-03 18:12:57 0 [Note] InnoDB: Setting file 'C:\xampp\mysql\data\ibtmp1' size to 12 MB. Physically writing the file full; Please wait ...
2024-10-03 18:12:57 0 [Note] InnoDB: File 'C:\xampp\mysql\data\ibtmp1' size is now 12 MB.
2024-10-03 18:12:57 0 [Note] InnoDB: Waiting for purge to start
2024-10-03 18:12:57 0 [Note] InnoDB: 10.4.32 started; log sequence number 3453646; transaction id 3006
2024-10-03 18:12:57 0 [Note] InnoDB: Loading buffer pool(s) from C:\xampp\mysql\data\ib_buffer_pool
2024-10-03 18:12:57 0 [Note] Plugin 'FEEDBACK' is disabled.
2024-10-03 18:12:57 0 [Note] Server socket created on IP: '::'.
2024-10-04 16:46:36 0 [Note] Starting MariaDB 10.4.32-MariaDB source revision c4143f909528e3fab0677a28631d10389354c491 as process 9648
2024-10-04 16:46:36 0 [Note] InnoDB: Mutexes and rw_locks use Windows interlocked functions
2024-10-04 16:46:36 0 [Note] InnoDB: Uses event mutexes
2024-10-04 16:46:36 0 [Note] InnoDB: Compressed tables use zlib 1.3
2024-10-04 16:46:36 0 [Note] InnoDB: Number of pools: 1
2024-10-04 16:46:36 0 [Note] InnoDB: Using SSE2 crc32 instructions
2024-10-04 16:46:36 0 [Note] InnoDB: Initializing buffer pool, total size = 16M, instances = 1, chunk size = 16M
2024-10-04 16:46:36 0 [Note] InnoDB: Completed initialization of buffer pool
2024-10-04 16:46:36 0 [Note] InnoDB: Starting crash recovery from checkpoint LSN=3457859
2024-10-04 16:46:37 0 [Note] InnoDB: 128 out of 128 rollback segments are active.
2024-10-04 16:46:37 0 [Note] InnoDB: Removed temporary tablespace data file: "ibtmp1"
2024-10-04 16:46:37 0 [Note] InnoDB: Creating shared tablespace for temporary tables
2024-10-04 16:46:37 0 [Note] InnoDB: Setting file 'C:\xampp\mysql\data\ibtmp1' size to 12 MB. Physically writing the file full; Please wait ...
2024-10-04 16:46:37 0 [Note] InnoDB: File 'C:\xampp\mysql\data\ibtmp1' size is now 12 MB.
2024-10-04 16:46:37 0 [Note] InnoDB: Waiting for purge to start
2024-10-04 16:46:37 0 [Note] InnoDB: 10.4.32 started; log sequence number 3457868; transaction id 3068
2024-10-04 16:46:37 0 [Note] InnoDB: Loading buffer pool(s) from C:\xampp\mysql\data\ib_buffer_pool
2024-10-04 16:46:37 0 [Note] Plugin 'FEEDBACK' is disabled.
2024-10-04 16:46:37 0 [Note] InnoDB: Buffer pool(s) load completed at 241004 16:46:37
2024-10-04 16:46:38 0 [Note] Server socket created on IP: '::'.
2024-10-05  8:10:46 0 [Note] Starting MariaDB 10.4.32-MariaDB source revision c4143f909528e3fab0677a28631d10389354c491 as process 15984
2024-10-05  8:10:46 0 [Note] InnoDB: Mutexes and rw_locks use Windows interlocked functions
2024-10-05  8:10:46 0 [Note] InnoDB: Uses event mutexes
2024-10-05  8:10:46 0 [Note] InnoDB: Compressed tables use zlib 1.3
2024-10-05  8:10:46 0 [Note] InnoDB: Number of pools: 1
2024-10-05  8:10:46 0 [Note] InnoDB: Using SSE2 crc32 instructions
2024-10-05  8:10:46 0 [Note] InnoDB: Initializing buffer pool, total size = 16M, instances = 1, chunk size = 16M
2024-10-05  8:10:46 0 [Note] InnoDB: Completed initialization of buffer pool
2024-10-05  8:10:46 0 [Note] InnoDB: Starting crash recovery from checkpoint LSN=3459277
2024-10-05  8:10:46 0 [Note] InnoDB: 128 out of 128 rollback segments are active.
2024-10-05  8:10:46 0 [Note] InnoDB: Removed temporary tablespace data file: "ibtmp1"
2024-10-05  8:10:46 0 [Note] InnoDB: Creating shared tablespace for temporary tables
2024-10-05  8:10:46 0 [Note] InnoDB: Setting file 'C:\xampp\mysql\data\ibtmp1' size to 12 MB. Physically writing the file full; Please wait ...
2024-10-05  8:10:46 0 [Note] InnoDB: File 'C:\xampp\mysql\data\ibtmp1' size is now 12 MB.
2024-10-05  8:10:46 0 [Note] InnoDB: Waiting for purge to start
2024-10-05  8:10:46 0 [Note] InnoDB: 10.4.32 started; log sequence number 3459286; transaction id 3094
2024-10-05  8:10:46 0 [Note] InnoDB: Loading buffer pool(s) from C:\xampp\mysql\data\ib_buffer_pool
2024-10-05  8:10:46 0 [Note] InnoDB: Buffer pool(s) load completed at 241005  8:10:46
2024-10-05  8:10:46 0 [Note] Plugin 'FEEDBACK' is disabled.
2024-10-05  8:10:46 0 [Note] Server socket created on IP: '::'.
2024-10-06 11:35:58 0 [Note] Starting MariaDB 10.4.32-MariaDB source revision c4143f909528e3fab0677a28631d10389354c491 as process 20960
2024-10-06 11:35:58 0 [Note] InnoDB: Mutexes and rw_locks use Windows interlocked functions
2024-10-06 11:35:58 0 [Note] InnoDB: Uses event mutexes
2024-10-06 11:35:58 0 [Note] InnoDB: Compressed tables use zlib 1.3
2024-10-06 11:35:58 0 [Note] InnoDB: Number of pools: 1
2024-10-06 11:35:58 0 [Note] InnoDB: Using SSE2 crc32 instructions
2024-10-06 11:35:58 0 [Note] InnoDB: Initializing buffer pool, total size = 16M, instances = 1, chunk size = 16M
2024-10-06 11:35:58 0 [Note] InnoDB: Completed initialization of buffer pool
2024-10-06 11:35:58 0 [Note] InnoDB: Starting crash recovery from checkpoint LSN=3462404
2024-10-06 11:35:58 0 [Note] InnoDB: 128 out of 128 rollback segments are active.
2024-10-06 11:35:58 0 [Note] InnoDB: Removed temporary tablespace data file: "ibtmp1"
2024-10-06 11:35:58 0 [Note] InnoDB: Creating shared tablespace for temporary tables
2024-10-06 11:35:58 0 [Note] InnoDB: Setting file 'C:\xampp\mysql\data\ibtmp1' size to 12 MB. Physically writing the file full; Please wait ...
2024-10-06 11:35:58 0 [Note] InnoDB: File 'C:\xampp\mysql\data\ibtmp1' size is now 12 MB.
2024-10-06 11:35:58 0 [Note] InnoDB: Waiting for purge to start
2024-10-06 11:35:58 0 [Note] InnoDB: 10.4.32 started; log sequence number 3462413; transaction id 3153
2024-10-06 11:35:58 0 [Note] InnoDB: Loading buffer pool(s) from C:\xampp\mysql\data\ib_buffer_pool
2024-10-06 11:35:58 0 [Note] Plugin 'FEEDBACK' is disabled.
2024-10-06 11:35:58 0 [Note] Server socket created on IP: '::'.
2024-10-06 11:35:58 0 [Note] InnoDB: Buffer pool(s) load completed at 241006 11:35:58
2024-10-07 13:10:31 0 [Note] Starting MariaDB 10.4.32-MariaDB source revision c4143f909528e3fab0677a28631d10389354c491 as process 16028
2024-10-07 13:10:32 0 [Note] InnoDB: Mutexes and rw_locks use Windows interlocked functions
2024-10-07 13:10:32 0 [Note] InnoDB: Uses event mutexes
2024-10-07 13:10:32 0 [Note] InnoDB: Compressed tables use zlib 1.3
2024-10-07 13:10:32 0 [Note] InnoDB: Number of pools: 1
2024-10-07 13:10:32 0 [Note] InnoDB: Using SSE2 crc32 instructions
2024-10-07 13:10:32 0 [Note] InnoDB: Initializing buffer pool, total size = 16M, instances = 1, chunk size = 16M
2024-10-07 13:10:32 0 [Note] InnoDB: Completed initialization of buffer pool
2024-10-07 13:10:32 0 [Note] InnoDB: Starting crash recovery from checkpoint LSN=3462422
2024-10-07 13:10:33 0 [Note] InnoDB: 128 out of 128 rollback segments are active.
2024-10-07 13:10:33 0 [Note] InnoDB: Removed temporary tablespace data file: "ibtmp1"
2024-10-07 13:10:33 0 [Note] InnoDB: Creating shared tablespace for temporary tables
2024-10-07 13:10:33 0 [Note] InnoDB: Setting file 'C:\xampp\mysql\data\ibtmp1' size to 12 MB. Physically writing the file full; Please wait ...
2024-10-07 13:10:33 0 [Note] InnoDB: File 'C:\xampp\mysql\data\ibtmp1' size is now 12 MB.
2024-10-07 13:10:33 0 [Note] InnoDB: Waiting for purge to start
2024-10-07 13:10:33 0 [Note] InnoDB: 10.4.32 started; log sequence number 3462431; transaction id 3153
2024-10-07 13:10:33 0 [Note] InnoDB: Loading buffer pool(s) from C:\xampp\mysql\data\ib_buffer_pool
2024-10-07 13:10:33 0 [Note] Plugin 'FEEDBACK' is disabled.
2024-10-07 13:10:33 0 [Note] InnoDB: Buffer pool(s) load completed at 241007 13:10:33
2024-10-07 13:10:33 0 [Note] Server socket created on IP: '::'.
2024-10-08 11:32:41 0 [Note] Starting MariaDB 10.4.32-MariaDB source revision c4143f909528e3fab0677a28631d10389354c491 as process 19716
2024-10-08 11:32:41 0 [Note] InnoDB: Mutexes and rw_locks use Windows interlocked functions
2024-10-08 11:32:41 0 [Note] InnoDB: Uses event mutexes
2024-10-08 11:32:41 0 [Note] InnoDB: Compressed tables use zlib 1.3
2024-10-08 11:32:41 0 [Note] InnoDB: Number of pools: 1
2024-10-08 11:32:41 0 [Note] InnoDB: Using SSE2 crc32 instructions
2024-10-08 11:32:41 0 [Note] InnoDB: Initializing buffer pool, total size = 16M, instances = 1, chunk size = 16M
2024-10-08 11:32:41 0 [Note] InnoDB: Completed initialization of buffer pool
2024-10-08 11:32:41 0 [Note] InnoDB: Starting crash recovery from checkpoint LSN=3500592
2024-10-08 11:32:41 0 [Note] InnoDB: 128 out of 128 rollback segments are active.
2024-10-08 11:32:41 0 [Note] InnoDB: Removed temporary tablespace data file: "ibtmp1"
2024-10-08 11:32:41 0 [Note] InnoDB: Creating shared tablespace for temporary tables
2024-10-08 11:32:41 0 [Note] InnoDB: Setting file 'C:\xampp\mysql\data\ibtmp1' size to 12 MB. Physically writing the file full; Please wait ...
2024-10-08 11:32:41 0 [Note] InnoDB: File 'C:\xampp\mysql\data\ibtmp1' size is now 12 MB.
2024-10-08 11:32:41 0 [Note] InnoDB: Waiting for purge to start
2024-10-08 11:32:41 0 [Note] InnoDB: 10.4.32 started; log sequence number 3500601; transaction id 3335
2024-10-08 11:32:41 0 [Note] InnoDB: Loading buffer pool(s) from C:\xampp\mysql\data\ib_buffer_pool
2024-10-08 11:32:41 0 [Note] Plugin 'FEEDBACK' is disabled.
2024-10-08 11:32:41 0 [Note] InnoDB: Buffer pool(s) load completed at 241008 11:32:41
2024-10-08 11:32:41 0 [Note] Server socket created on IP: '::'.
2024-10-10  7:19:41 0 [Note] Starting MariaDB 10.4.32-MariaDB source revision c4143f909528e3fab0677a28631d10389354c491 as process 15128
2024-10-10  7:19:41 0 [Note] InnoDB: Mutexes and rw_locks use Windows interlocked functions
2024-10-10  7:19:41 0 [Note] InnoDB: Uses event mutexes
2024-10-10  7:19:41 0 [Note] InnoDB: Compressed tables use zlib 1.3
2024-10-10  7:19:41 0 [Note] InnoDB: Number of pools: 1
2024-10-10  7:19:41 0 [Note] InnoDB: Using SSE2 crc32 instructions
2024-10-10  7:19:41 0 [Note] InnoDB: Initializing buffer pool, total size = 16M, instances = 1, chunk size = 16M
2024-10-10  7:19:41 0 [Note] InnoDB: Completed initialization of buffer pool
2024-10-10  7:19:41 0 [Note] InnoDB: Starting crash recovery from checkpoint LSN=3506940
2024-10-10  7:19:41 0 [Note] InnoDB: 128 out of 128 rollback segments are active.
2024-10-10  7:19:41 0 [Note] InnoDB: Removed temporary tablespace data file: "ibtmp1"
2024-10-10  7:19:41 0 [Note] InnoDB: Creating shared tablespace for temporary tables
2024-10-10  7:19:41 0 [Note] InnoDB: Setting file 'C:\xampp\mysql\data\ibtmp1' size to 12 MB. Physically writing the file full; Please wait ...
2024-10-10  7:19:41 0 [Note] InnoDB: File 'C:\xampp\mysql\data\ibtmp1' size is now 12 MB.
2024-10-10  7:19:41 0 [Note] InnoDB: Waiting for purge to start
2024-10-10  7:19:41 0 [Note] InnoDB: 10.4.32 started; log sequence number 3506949; transaction id 3392
2024-10-10  7:19:41 0 [Note] InnoDB: Loading buffer pool(s) from C:\xampp\mysql\data\ib_buffer_pool
2024-10-10  7:19:41 0 [Note] Plugin 'FEEDBACK' is disabled.
2024-10-10  7:19:41 0 [Note] Server socket created on IP: '::'.
2024-10-10 18:41:02 0 [Note] Starting MariaDB 10.4.32-MariaDB source revision c4143f909528e3fab0677a28631d10389354c491 as process 14624
2024-10-10 18:41:02 0 [Note] InnoDB: Mutexes and rw_locks use Windows interlocked functions
2024-10-10 18:41:02 0 [Note] InnoDB: Uses event mutexes
2024-10-10 18:41:02 0 [Note] InnoDB: Compressed tables use zlib 1.3
2024-10-10 18:41:02 0 [Note] InnoDB: Number of pools: 1
2024-10-10 18:41:02 0 [Note] InnoDB: Using SSE2 crc32 instructions
2024-10-10 18:41:02 0 [Note] InnoDB: Initializing buffer pool, total size = 16M, instances = 1, chunk size = 16M
2024-10-10 18:41:02 0 [Note] InnoDB: Completed initialization of buffer pool
2024-10-10 18:41:02 0 [Note] InnoDB: Starting crash recovery from checkpoint LSN=3517843
2024-10-10 18:41:02 0 [Note] InnoDB: 128 out of 128 rollback segments are active.
2024-10-10 18:41:02 0 [Note] InnoDB: Removed temporary tablespace data file: "ibtmp1"
2024-10-10 18:41:02 0 [Note] InnoDB: Creating shared tablespace for temporary tables
2024-10-10 18:41:02 0 [Note] InnoDB: Setting file 'C:\xampp\mysql\data\ibtmp1' size to 12 MB. Physically writing the file full; Please wait ...
2024-10-10 18:41:02 0 [Note] InnoDB: File 'C:\xampp\mysql\data\ibtmp1' size is now 12 MB.
2024-10-10 18:41:02 0 [Note] InnoDB: Waiting for purge to start
2024-10-10 18:41:02 0 [Note] InnoDB: 10.4.32 started; log sequence number 3517852; transaction id 3455
2024-10-10 18:41:02 0 [Note] InnoDB: Loading buffer pool(s) from C:\xampp\mysql\data\ib_buffer_pool
2024-10-10 18:41:02 0 [Note] Plugin 'FEEDBACK' is disabled.
2024-10-10 18:41:02 0 [Note] Server socket created on IP: '::'.
2024-10-11  8:28:37 0 [Note] Starting MariaDB 10.4.32-MariaDB source revision c4143f909528e3fab0677a28631d10389354c491 as process 10368
2024-10-11  8:28:37 0 [Note] InnoDB: Mutexes and rw_locks use Windows interlocked functions
2024-10-11  8:28:37 0 [Note] InnoDB: Uses event mutexes
2024-10-11  8:28:37 0 [Note] InnoDB: Compressed tables use zlib 1.3
2024-10-11  8:28:37 0 [Note] InnoDB: Number of pools: 1
2024-10-11  8:28:37 0 [Note] InnoDB: Using SSE2 crc32 instructions
2024-10-11  8:28:37 0 [Note] InnoDB: Initializing buffer pool, total size = 16M, instances = 1, chunk size = 16M
2024-10-11  8:28:37 0 [Note] InnoDB: Completed initialization of buffer pool
2024-10-11  8:28:37 0 [Note] InnoDB: Starting crash recovery from checkpoint LSN=3522223
2024-10-11  8:28:37 0 [Note] InnoDB: 128 out of 128 rollback segments are active.
2024-10-11  8:28:37 0 [Note] InnoDB: Removed temporary tablespace data file: "ibtmp1"
2024-10-11  8:28:37 0 [Note] InnoDB: Creating shared tablespace for temporary tables
2024-10-11  8:28:37 0 [Note] InnoDB: Setting file 'C:\xampp\mysql\data\ibtmp1' size to 12 MB. Physically writing the file full; Please wait ...
2024-10-11  8:28:37 0 [Note] InnoDB: File 'C:\xampp\mysql\data\ibtmp1' size is now 12 MB.
2024-10-11  8:28:37 0 [Note] InnoDB: Waiting for purge to start
2024-10-11  8:28:37 0 [Note] InnoDB: 10.4.32 started; log sequence number 3522232; transaction id 3497
2024-10-11  8:28:37 0 [Note] InnoDB: Loading buffer pool(s) from C:\xampp\mysql\data\ib_buffer_pool
2024-10-11  8:28:37 0 [Note] Plugin 'FEEDBACK' is disabled.
2024-10-11  8:28:37 0 [Note] Server socket created on IP: '::'.
2024-10-11 13:23:39 0 [Note] Starting MariaDB 10.4.32-MariaDB source revision c4143f909528e3fab0677a28631d10389354c491 as process 3160
2024-10-11 13:23:39 0 [Note] InnoDB: Mutexes and rw_locks use Windows interlocked functions
2024-10-11 13:23:39 0 [Note] InnoDB: Uses event mutexes
2024-10-11 13:23:39 0 [Note] InnoDB: Compressed tables use zlib 1.3
2024-10-11 13:23:39 0 [Note] InnoDB: Number of pools: 1
2024-10-11 13:23:39 0 [Note] InnoDB: Using SSE2 crc32 instructions
2024-10-11 13:23:39 0 [Note] InnoDB: Initializing buffer pool, total size = 16M, instances = 1, chunk size = 16M
2024-10-11 13:23:39 0 [Note] InnoDB: Completed initialization of buffer pool
2024-10-11 13:23:39 0 [Note] InnoDB: Starting crash recovery from checkpoint LSN=3527755
2024-10-11 13:23:39 0 [Note] InnoDB: 128 out of 128 rollback segments are active.
2024-10-11 13:23:39 0 [Note] InnoDB: Removed temporary tablespace data file: "ibtmp1"
2024-10-11 13:23:39 0 [Note] InnoDB: Creating shared tablespace for temporary tables
2024-10-11 13:23:39 0 [Note] InnoDB: Setting file 'C:\xampp\mysql\data\ibtmp1' size to 12 MB. Physically writing the file full; Please wait ...
2024-10-11 13:23:39 0 [Note] InnoDB: File 'C:\xampp\mysql\data\ibtmp1' size is now 12 MB.
2024-10-11 13:23:39 0 [Note] InnoDB: Waiting for purge to start
2024-10-11 13:23:40 0 [Note] InnoDB: 10.4.32 started; log sequence number 3527764; transaction id 3524
2024-10-11 13:23:40 0 [Note] InnoDB: Loading buffer pool(s) from C:\xampp\mysql\data\ib_buffer_pool
2024-10-11 13:23:40 0 [Note] Plugin 'FEEDBACK' is disabled.
2024-10-11 13:23:40 0 [Note] Server socket created on IP: '::'.
2024-10-12 18:30:52 0 [Note] Starting MariaDB 10.4.32-MariaDB source revision c4143f909528e3fab0677a28631d10389354c491 as process 14188
2024-10-12 18:30:52 0 [Note] InnoDB: Mutexes and rw_locks use Windows interlocked functions
2024-10-12 18:30:52 0 [Note] InnoDB: Uses event mutexes
2024-10-12 18:30:52 0 [Note] InnoDB: Compressed tables use zlib 1.3
2024-10-12 18:30:52 0 [Note] InnoDB: Number of pools: 1
2024-10-12 18:30:52 0 [Note] InnoDB: Using SSE2 crc32 instructions
2024-10-12 18:30:52 0 [Note] InnoDB: Initializing buffer pool, total size = 16M, instances = 1, chunk size = 16M
2024-10-12 18:30:52 0 [Note] InnoDB: Completed initialization of buffer pool
2024-10-12 18:30:52 0 [Note] InnoDB: Starting crash recovery from checkpoint LSN=4516641
2024-10-12 18:30:52 0 [Note] InnoDB: 128 out of 128 rollback segments are active.
2024-10-12 18:30:52 0 [Note] InnoDB: Removed temporary tablespace data file: "ibtmp1"
2024-10-12 18:30:52 0 [Note] InnoDB: Creating shared tablespace for temporary tables
2024-10-12 18:30:52 0 [Note] InnoDB: Setting file 'C:\xampp\mysql\data\ibtmp1' size to 12 MB. Physically writing the file full; Please wait ...
2024-10-12 18:30:52 0 [Note] InnoDB: File 'C:\xampp\mysql\data\ibtmp1' size is now 12 MB.
2024-10-12 18:30:52 0 [Note] InnoDB: Waiting for purge to start
2024-10-12 18:30:52 0 [Note] InnoDB: 10.4.32 started; log sequence number 4516650; transaction id 3818
2024-10-12 18:30:52 0 [Note] InnoDB: Loading buffer pool(s) from C:\xampp\mysql\data\ib_buffer_pool
2024-10-12 18:30:52 0 [Note] Plugin 'FEEDBACK' is disabled.
2024-10-12 18:30:52 0 [Note] Server socket created on IP: '::'.
2024-10-13 19:06:49 0 [Note] Starting MariaDB 10.4.32-MariaDB source revision c4143f909528e3fab0677a28631d10389354c491 as process 18920
2024-10-13 19:06:49 0 [Note] InnoDB: Mutexes and rw_locks use Windows interlocked functions
2024-10-13 19:06:49 0 [Note] InnoDB: Uses event mutexes
2024-10-13 19:06:49 0 [Note] InnoDB: Compressed tables use zlib 1.3
2024-10-13 19:06:49 0 [Note] InnoDB: Number of pools: 1
2024-10-13 19:06:49 0 [Note] InnoDB: Using SSE2 crc32 instructions
2024-10-13 19:06:49 0 [Note] InnoDB: Initializing buffer pool, total size = 16M, instances = 1, chunk size = 16M
2024-10-13 19:06:49 0 [Note] InnoDB: Completed initialization of buffer pool
2024-10-13 19:06:49 0 [Note] InnoDB: Starting crash recovery from checkpoint LSN=4517548
2024-10-13 19:06:51 0 [Note] InnoDB: 128 out of 128 rollback segments are active.
2024-10-13 19:06:51 0 [Note] InnoDB: Removed temporary tablespace data file: "ibtmp1"
2024-10-13 19:06:51 0 [Note] InnoDB: Creating shared tablespace for temporary tables
2024-10-13 19:06:51 0 [Note] InnoDB: Setting file 'C:\xampp\mysql\data\ibtmp1' size to 12 MB. Physically writing the file full; Please wait ...
2024-10-13 19:06:51 0 [Note] InnoDB: File 'C:\xampp\mysql\data\ibtmp1' size is now 12 MB.
2024-10-13 19:06:51 0 [Note] InnoDB: Waiting for purge to start
2024-10-13 19:06:51 0 [Note] InnoDB: Waiting for purge to start
2024-10-13 19:06:51 0 [Note] InnoDB: Waiting for purge to start
2024-10-13 19:06:51 0 [Note] InnoDB: Waiting for purge to start
2024-10-13 19:06:51 0 [Note] InnoDB: Waiting for purge to start
2024-10-13 19:06:52 0 [Note] InnoDB: 10.4.32 started; log sequence number 4517557; transaction id 3834
2024-10-13 19:06:52 0 [Note] InnoDB: Loading buffer pool(s) from C:\xampp\mysql\data\ib_buffer_pool
2024-10-13 19:06:52 0 [Note] Plugin 'FEEDBACK' is disabled.
2024-10-13 19:06:52 0 [Note] InnoDB: Buffer pool(s) load completed at 241013 19:06:52
2024-10-13 19:06:52 0 [Note] Server socket created on IP: '::'.
2024-10-14  7:36:45 0 [Note] Starting MariaDB 10.4.32-MariaDB source revision c4143f909528e3fab0677a28631d10389354c491 as process 12456
2024-10-14  7:36:45 0 [Note] InnoDB: Mutexes and rw_locks use Windows interlocked functions
2024-10-14  7:36:45 0 [Note] InnoDB: Uses event mutexes
2024-10-14  7:36:45 0 [Note] InnoDB: Compressed tables use zlib 1.3
2024-10-14  7:36:45 0 [Note] InnoDB: Number of pools: 1
2024-10-14  7:36:45 0 [Note] InnoDB: Using SSE2 crc32 instructions
2024-10-14  7:36:45 0 [Note] InnoDB: Initializing buffer pool, total size = 16M, instances = 1, chunk size = 16M
2024-10-14  7:36:45 0 [Note] InnoDB: Completed initialization of buffer pool
2024-10-14  7:36:45 0 [Note] InnoDB: Starting crash recovery from checkpoint LSN=4517566
2024-10-14  7:36:45 0 [Note] InnoDB: 128 out of 128 rollback segments are active.
2024-10-14  7:36:45 0 [Note] InnoDB: Removed temporary tablespace data file: "ibtmp1"
2024-10-14  7:36:45 0 [Note] InnoDB: Creating shared tablespace for temporary tables
2024-10-14  7:36:45 0 [Note] InnoDB: Setting file 'C:\xampp\mysql\data\ibtmp1' size to 12 MB. Physically writing the file full; Please wait ...
2024-10-14  7:36:45 0 [Note] InnoDB: File 'C:\xampp\mysql\data\ibtmp1' size is now 12 MB.
2024-10-14  7:36:45 0 [Note] InnoDB: Waiting for purge to start
2024-10-14  7:36:45 0 [Note] InnoDB: 10.4.32 started; log sequence number 4517575; transaction id 3834
2024-10-14  7:36:45 0 [Note] InnoDB: Loading buffer pool(s) from C:\xampp\mysql\data\ib_buffer_pool
2024-10-14  7:36:45 0 [Note] Plugin 'FEEDBACK' is disabled.
2024-10-14  7:36:45 0 [Note] Server socket created on IP: '::'.
2024-10-15 18:35:17 0 [Note] Starting MariaDB 10.4.32-MariaDB source revision c4143f909528e3fab0677a28631d10389354c491 as process 3220
2024-10-15 18:35:17 0 [Note] InnoDB: Mutexes and rw_locks use Windows interlocked functions
2024-10-15 18:35:17 0 [Note] InnoDB: Uses event mutexes
2024-10-15 18:35:17 0 [Note] InnoDB: Compressed tables use zlib 1.3
2024-10-15 18:35:17 0 [Note] InnoDB: Number of pools: 1
2024-10-15 18:35:17 0 [Note] InnoDB: Using SSE2 crc32 instructions
2024-10-15 18:35:17 0 [Note] InnoDB: Initializing buffer pool, total size = 16M, instances = 1, chunk size = 16M
2024-10-15 18:35:17 0 [Note] InnoDB: Completed initialization of buffer pool
2024-10-15 18:35:17 0 [Note] InnoDB: Starting crash recovery from checkpoint LSN=4521420
2024-10-15 18:35:17 0 [Note] InnoDB: 128 out of 128 rollback segments are active.
2024-10-15 18:35:17 0 [Note] InnoDB: Removed temporary tablespace data file: "ibtmp1"
2024-10-15 18:35:17 0 [Note] InnoDB: Creating shared tablespace for temporary tables
2024-10-15 18:35:17 0 [Note] InnoDB: Setting file 'C:\xampp\mysql\data\ibtmp1' size to 12 MB. Physically writing the file full; Please wait ...
2024-10-15 18:35:17 0 [Note] InnoDB: File 'C:\xampp\mysql\data\ibtmp1' size is now 12 MB.
2024-10-15 18:35:17 0 [Note] InnoDB: Waiting for purge to start
2024-10-15 18:35:17 0 [Note] InnoDB: 10.4.32 started; log sequence number 4521429; transaction id 3859
2024-10-15 18:35:17 0 [Note] InnoDB: Loading buffer pool(s) from C:\xampp\mysql\data\ib_buffer_pool
2024-10-15 18:35:17 0 [Note] Plugin 'FEEDBACK' is disabled.
2024-10-15 18:35:17 0 [Note] Server socket created on IP: '::'.
2024-10-16  9:04:58 0 [Note] Starting MariaDB 10.4.32-MariaDB source revision c4143f909528e3fab0677a28631d10389354c491 as process 19236
2024-10-16  9:04:58 0 [Note] InnoDB: Mutexes and rw_locks use Windows interlocked functions
2024-10-16  9:04:58 0 [Note] InnoDB: Uses event mutexes
2024-10-16  9:04:58 0 [Note] InnoDB: Compressed tables use zlib 1.3
2024-10-16  9:04:58 0 [Note] InnoDB: Number of pools: 1
2024-10-16  9:04:58 0 [Note] InnoDB: Using SSE2 crc32 instructions
2024-10-16  9:04:58 0 [Note] InnoDB: Initializing buffer pool, total size = 16M, instances = 1, chunk size = 16M
2024-10-16  9:04:58 0 [Note] InnoDB: Completed initialization of buffer pool
2024-10-16  9:04:58 0 [Note] InnoDB: Starting crash recovery from checkpoint LSN=4524095
2024-10-16  9:04:58 0 [Note] InnoDB: 128 out of 128 rollback segments are active.
2024-10-16  9:04:58 0 [Note] InnoDB: Removed temporary tablespace data file: "ibtmp1"
2024-10-16  9:04:58 0 [Note] InnoDB: Creating shared tablespace for temporary tables
2024-10-16  9:04:58 0 [Note] InnoDB: Setting file 'C:\xampp\mysql\data\ibtmp1' size to 12 MB. Physically writing the file full; Please wait ...
2024-10-16  9:04:58 0 [Note] InnoDB: File 'C:\xampp\mysql\data\ibtmp1' size is now 12 MB.
2024-10-16  9:04:58 0 [Note] InnoDB: Waiting for purge to start
2024-10-16  9:04:58 0 [Note] InnoDB: 10.4.32 started; log sequence number 4524104; transaction id 3910
2024-10-16  9:04:58 0 [Note] InnoDB: Loading buffer pool(s) from C:\xampp\mysql\data\ib_buffer_pool
2024-10-16  9:04:58 0 [Note] Plugin 'FEEDBACK' is disabled.
2024-10-16  9:04:58 0 [Note] Server socket created on IP: '::'.
2024-10-17 18:39:49 0 [Note] Starting MariaDB 10.4.32-MariaDB source revision c4143f909528e3fab0677a28631d10389354c491 as process 16028
2024-10-17 18:39:49 0 [Note] InnoDB: Mutexes and rw_locks use Windows interlocked functions
2024-10-17 18:39:49 0 [Note] InnoDB: Uses event mutexes
2024-10-17 18:39:49 0 [Note] InnoDB: Compressed tables use zlib 1.3
2024-10-17 18:39:49 0 [Note] InnoDB: Number of pools: 1
2024-10-17 18:39:49 0 [Note] InnoDB: Using SSE2 crc32 instructions
2024-10-17 18:39:49 0 [Note] InnoDB: Initializing buffer pool, total size = 16M, instances = 1, chunk size = 16M
2024-10-17 18:39:49 0 [Note] InnoDB: Completed initialization of buffer pool
2024-10-17 18:39:49 0 [Note] InnoDB: Starting crash recovery from checkpoint LSN=4524467
2024-10-17 18:39:49 0 [Note] InnoDB: 128 out of 128 rollback segments are active.
2024-10-17 18:39:49 0 [Note] InnoDB: Removed temporary tablespace data file: "ibtmp1"
2024-10-17 18:39:49 0 [Note] InnoDB: Creating shared tablespace for temporary tables
2024-10-17 18:39:49 0 [Note] InnoDB: Setting file 'C:\xampp\mysql\data\ibtmp1' size to 12 MB. Physically writing the file full; Please wait ...
2024-10-17 18:39:49 0 [Note] InnoDB: File 'C:\xampp\mysql\data\ibtmp1' size is now 12 MB.
2024-10-17 18:39:49 0 [Note] InnoDB: Waiting for purge to start
2024-10-17 18:39:49 0 [Note] InnoDB: 10.4.32 started; log sequence number 4524476; transaction id 3946
2024-10-17 18:39:49 0 [Note] InnoDB: Loading buffer pool(s) from C:\xampp\mysql\data\ib_buffer_pool
2024-10-17 18:39:49 0 [Note] Plugin 'FEEDBACK' is disabled.
2024-10-17 18:39:49 0 [Note] Server socket created on IP: '::'.
2024-10-18  7:36:03 0 [Note] Starting MariaDB 10.4.32-MariaDB source revision c4143f909528e3fab0677a28631d10389354c491 as process 8532
2024-10-18  7:36:03 0 [Note] InnoDB: Mutexes and rw_locks use Windows interlocked functions
2024-10-18  7:36:03 0 [Note] InnoDB: Uses event mutexes
2024-10-18  7:36:03 0 [Note] InnoDB: Compressed tables use zlib 1.3
2024-10-18  7:36:03 0 [Note] InnoDB: Number of pools: 1
2024-10-18  7:36:03 0 [Note] InnoDB: Using SSE2 crc32 instructions
2024-10-18  7:36:03 0 [Note] InnoDB: Initializing buffer pool, total size = 16M, instances = 1, chunk size = 16M
2024-10-18  7:36:03 0 [Note] InnoDB: Completed initialization of buffer pool
2024-10-18  7:36:03 0 [Note] InnoDB: Starting crash recovery from checkpoint LSN=4570696
2024-10-18  7:36:05 0 [Note] InnoDB: 128 out of 128 rollback segments are active.
2024-10-18  7:36:05 0 [Note] InnoDB: Removed temporary tablespace data file: "ibtmp1"
2024-10-18  7:36:05 0 [Note] InnoDB: Creating shared tablespace for temporary tables
2024-10-18  7:36:05 0 [Note] InnoDB: Setting file 'C:\xampp\mysql\data\ibtmp1' size to 12 MB. Physically writing the file full; Please wait ...
2024-10-18  7:36:05 0 [Note] InnoDB: File 'C:\xampp\mysql\data\ibtmp1' size is now 12 MB.
2024-10-18  7:36:05 0 [Note] InnoDB: Waiting for purge to start
2024-10-18  7:36:05 0 [Note] InnoDB: 10.4.32 started; log sequence number 4570705; transaction id 4121
2024-10-18  7:36:05 0 [Note] InnoDB: Loading buffer pool(s) from C:\xampp\mysql\data\ib_buffer_pool
2024-10-18  7:36:05 0 [Note] InnoDB: Buffer pool(s) load completed at 241018  7:36:05
2024-10-18  7:36:05 0 [Note] Plugin 'FEEDBACK' is disabled.
2024-10-18  7:36:05 0 [Note] Server socket created on IP: '::'.
2024-10-19  7:08:39 0 [Note] Starting MariaDB 10.4.32-MariaDB source revision c4143f909528e3fab0677a28631d10389354c491 as process 19332
2024-10-19  7:08:39 0 [Note] InnoDB: Mutexes and rw_locks use Windows interlocked functions
2024-10-19  7:08:39 0 [Note] InnoDB: Uses event mutexes
2024-10-19  7:08:39 0 [Note] InnoDB: Compressed tables use zlib 1.3
2024-10-19  7:08:39 0 [Note] InnoDB: Number of pools: 1
2024-10-19  7:08:39 0 [Note] InnoDB: Using SSE2 crc32 instructions
2024-10-19  7:08:39 0 [Note] InnoDB: Initializing buffer pool, total size = 16M, instances = 1, chunk size = 16M
2024-10-19  7:08:39 0 [Note] InnoDB: Completed initialization of buffer pool
2024-10-19  7:08:39 0 [Note] InnoDB: Starting crash recovery from checkpoint LSN=4600898
2024-10-19  7:08:39 0 [Note] InnoDB: 128 out of 128 rollback segments are active.
2024-10-19  7:08:39 0 [Note] InnoDB: Removed temporary tablespace data file: "ibtmp1"
2024-10-19  7:08:39 0 [Note] InnoDB: Creating shared tablespace for temporary tables
2024-10-19  7:08:39 0 [Note] InnoDB: Setting file 'C:\xampp\mysql\data\ibtmp1' size to 12 MB. Physically writing the file full; Please wait ...
2024-10-19  7:08:39 0 [Note] InnoDB: File 'C:\xampp\mysql\data\ibtmp1' size is now 12 MB.
2024-10-19  7:08:39 0 [Note] InnoDB: Waiting for purge to start
2024-10-19  7:08:39 0 [Note] InnoDB: 10.4.32 started; log sequence number 4600907; transaction id 4289
2024-10-19  7:08:39 0 [Note] InnoDB: Loading buffer pool(s) from C:\xampp\mysql\data\ib_buffer_pool
2024-10-19  7:08:39 0 [Note] Plugin 'FEEDBACK' is disabled.
2024-10-19  7:08:40 0 [Note] InnoDB: Buffer pool(s) load completed at 241019  7:08:40
2024-10-19  7:08:40 0 [Note] Server socket created on IP: '::'.
2024-10-20 15:00:28 0 [Note] Starting MariaDB 10.4.32-MariaDB source revision c4143f909528e3fab0677a28631d10389354c491 as process 17156
2024-10-20 15:00:28 0 [Note] InnoDB: Mutexes and rw_locks use Windows interlocked functions
2024-10-20 15:00:28 0 [Note] InnoDB: Uses event mutexes
2024-10-20 15:00:28 0 [Note] InnoDB: Compressed tables use zlib 1.3
2024-10-20 15:00:28 0 [Note] InnoDB: Number of pools: 1
2024-10-20 15:00:28 0 [Note] InnoDB: Using SSE2 crc32 instructions
2024-10-20 15:00:28 0 [Note] InnoDB: Initializing buffer pool, total size = 16M, instances = 1, chunk size = 16M
2024-10-20 15:00:28 0 [Note] InnoDB: Completed initialization of buffer pool
2024-10-20 15:00:28 0 [Note] InnoDB: Starting crash recovery from checkpoint LSN=4671895
2024-10-20 15:00:29 0 [Note] InnoDB: 128 out of 128 rollback segments are active.
2024-10-20 15:00:29 0 [Note] InnoDB: Removed temporary tablespace data file: "ibtmp1"
2024-10-20 15:00:29 0 [Note] InnoDB: Creating shared tablespace for temporary tables
2024-10-20 15:00:29 0 [Note] InnoDB: Setting file 'C:\xampp\mysql\data\ibtmp1' size to 12 MB. Physically writing the file full; Please wait ...
2024-10-20 15:00:29 0 [Note] InnoDB: File 'C:\xampp\mysql\data\ibtmp1' size is now 12 MB.
2024-10-20 15:00:29 0 [Note] InnoDB: Waiting for purge to start
2024-10-20 15:00:29 0 [Note] InnoDB: 10.4.32 started; log sequence number 4671904; transaction id 4399
2024-10-20 15:00:29 0 [Note] InnoDB: Loading buffer pool(s) from C:\xampp\mysql\data\ib_buffer_pool
2024-10-20 15:00:29 0 [Note] Plugin 'FEEDBACK' is disabled.
2024-10-20 15:00:29 0 [Note] InnoDB: Buffer pool(s) load completed at 241020 15:00:29
2024-10-20 15:00:29 0 [Note] Server socket created on IP: '::'.
2024-10-21 11:35:15 0 [Note] Starting MariaDB 10.4.32-MariaDB source revision c4143f909528e3fab0677a28631d10389354c491 as process 10348
2024-10-21 11:35:15 0 [Note] InnoDB: Mutexes and rw_locks use Windows interlocked functions
2024-10-21 11:35:15 0 [Note] InnoDB: Uses event mutexes
2024-10-21 11:35:15 0 [Note] InnoDB: Compressed tables use zlib 1.3
2024-10-21 11:35:15 0 [Note] InnoDB: Number of pools: 1
2024-10-21 11:35:15 0 [Note] InnoDB: Using SSE2 crc32 instructions
2024-10-21 11:35:15 0 [Note] InnoDB: Initializing buffer pool, total size = 16M, instances = 1, chunk size = 16M
2024-10-21 11:35:15 0 [Note] InnoDB: Completed initialization of buffer pool
2024-10-21 11:35:15 0 [Note] InnoDB: Starting crash recovery from checkpoint LSN=4752685
2024-10-21 11:35:16 0 [Note] InnoDB: 128 out of 128 rollback segments are active.
2024-10-21 11:35:16 0 [Note] InnoDB: Removed temporary tablespace data file: "ibtmp1"
2024-10-21 11:35:16 0 [Note] InnoDB: Creating shared tablespace for temporary tables
2024-10-21 11:35:16 0 [Note] InnoDB: Setting file 'C:\xampp\mysql\data\ibtmp1' size to 12 MB. Physically writing the file full; Please wait ...
2024-10-21 11:35:16 0 [Note] InnoDB: File 'C:\xampp\mysql\data\ibtmp1' size is now 12 MB.
2024-10-21 11:35:16 0 [Note] InnoDB: Waiting for purge to start
2024-10-21 11:35:16 0 [Note] InnoDB: 10.4.32 started; log sequence number 4752694; transaction id 4615
2024-10-21 11:35:16 0 [Note] InnoDB: Loading buffer pool(s) from C:\xampp\mysql\data\ib_buffer_pool
2024-10-21 11:35:16 0 [Note] Plugin 'FEEDBACK' is disabled.
2024-10-21 11:35:16 0 [Note] InnoDB: Buffer pool(s) load completed at 241021 11:35:16
2024-10-21 11:35:16 0 [Note] Server socket created on IP: '::'.
2024-10-21 11:35:59 0 [Note] Starting MariaDB 10.4.32-MariaDB source revision c4143f909528e3fab0677a28631d10389354c491 as process 16016
2024-10-21 11:35:59 0 [ERROR] InnoDB: The innodb_system data file 'ibdata1' must be writable
2024-10-21 11:35:59 0 [ERROR] InnoDB: The innodb_system data file 'ibdata1' must be writable
2024-10-21 11:35:59 0 [ERROR] Plugin 'InnoDB' registration as a STORAGE ENGINE failed.
2024-10-21 11:35:59 0 [Note] Plugin 'FEEDBACK' is disabled.
2024-10-21 11:35:59 0 [ERROR] Unknown/unsupported storage engine: InnoDB
2024-10-21 11:35:59 0 [ERROR] Aborting
2024-10-22 10:03:46 0 [Note] Starting MariaDB 10.4.32-MariaDB source revision c4143f909528e3fab0677a28631d10389354c491 as process 1868
2024-10-22 10:03:46 0 [Note] InnoDB: Mutexes and rw_locks use Windows interlocked functions
2024-10-22 10:03:46 0 [Note] InnoDB: Uses event mutexes
2024-10-22 10:03:46 0 [Note] InnoDB: Compressed tables use zlib 1.3
2024-10-22 10:03:46 0 [Note] InnoDB: Number of pools: 1
2024-10-22 10:03:46 0 [Note] InnoDB: Using SSE2 crc32 instructions
2024-10-22 10:03:46 0 [Note] InnoDB: Initializing buffer pool, total size = 16M, instances = 1, chunk size = 16M
2024-10-22 10:03:46 0 [Note] InnoDB: Completed initialization of buffer pool
2024-10-22 10:03:46 0 [Note] InnoDB: Starting crash recovery from checkpoint LSN=4967701
2024-10-22 10:03:46 0 [Note] InnoDB: 128 out of 128 rollback segments are active.
2024-10-22 10:03:46 0 [Note] InnoDB: Removed temporary tablespace data file: "ibtmp1"
2024-10-22 10:03:46 0 [Note] InnoDB: Creating shared tablespace for temporary tables
2024-10-22 10:03:46 0 [Note] InnoDB: Setting file 'C:\xampp\mysql\data\ibtmp1' size to 12 MB. Physically writing the file full; Please wait ...
2024-10-22 10:03:46 0 [Note] InnoDB: File 'C:\xampp\mysql\data\ibtmp1' size is now 12 MB.
2024-10-22 10:03:46 0 [Note] InnoDB: Waiting for purge to start
2024-10-22 10:03:46 0 [Note] InnoDB: 10.4.32 started; log sequence number 4967710; transaction id 5078
2024-10-22 10:03:46 0 [Note] Plugin 'FEEDBACK' is disabled.
2024-10-22 10:03:46 0 [Note] InnoDB: Loading buffer pool(s) from C:\xampp\mysql\data\ib_buffer_pool
2024-10-22 10:03:46 0 [Note] Server socket created on IP: '::'.
2024-10-22 17:38:36 0 [Note] Starting MariaDB 10.4.32-MariaDB source revision c4143f909528e3fab0677a28631d10389354c491 as process 19260
2024-10-22 17:38:36 0 [Note] InnoDB: Mutexes and rw_locks use Windows interlocked functions
2024-10-22 17:38:36 0 [Note] InnoDB: Uses event mutexes
2024-10-22 17:38:36 0 [Note] InnoDB: Compressed tables use zlib 1.3
2024-10-22 17:38:36 0 [Note] InnoDB: Number of pools: 1
2024-10-22 17:38:36 0 [Note] InnoDB: Using SSE2 crc32 instructions
2024-10-22 17:38:36 0 [Note] InnoDB: Initializing buffer pool, total size = 16M, instances = 1, chunk size = 16M
2024-10-22 17:38:36 0 [Note] InnoDB: Completed initialization of buffer pool
2024-10-22 17:38:36 0 [Note] InnoDB: Starting crash recovery from checkpoint LSN=5124112
2024-10-22 17:38:37 0 [Note] InnoDB: 128 out of 128 rollback segments are active.
2024-10-22 17:38:37 0 [Note] InnoDB: Removed temporary tablespace data file: "ibtmp1"
2024-10-22 17:38:37 0 [Note] InnoDB: Creating shared tablespace for temporary tables
2024-10-22 17:38:37 0 [Note] InnoDB: Setting file 'C:\xampp\mysql\data\ibtmp1' size to 12 MB. Physically writing the file full; Please wait ...
2024-10-22 17:38:37 0 [Note] InnoDB: File 'C:\xampp\mysql\data\ibtmp1' size is now 12 MB.
2024-10-22 17:38:37 0 [Note] InnoDB: Waiting for purge to start
2024-10-22 17:38:37 0 [Note] InnoDB: 10.4.32 started; log sequence number 5124121; transaction id 5536
2024-10-22 17:38:37 0 [Note] InnoDB: Loading buffer pool(s) from C:\xampp\mysql\data\ib_buffer_pool
2024-10-22 17:38:37 0 [Note] Plugin 'FEEDBACK' is disabled.
2024-10-22 17:38:37 0 [Note] InnoDB: Buffer pool(s) load completed at 241022 17:38:37
2024-10-22 17:38:37 0 [Note] Server socket created on IP: '::'.
2024-10-23 10:19:54 0 [Note] Starting MariaDB 10.4.32-MariaDB source revision c4143f909528e3fab0677a28631d10389354c491 as process 17448
2024-10-23 10:19:54 0 [Note] InnoDB: Mutexes and rw_locks use Windows interlocked functions
2024-10-23 10:19:54 0 [Note] InnoDB: Uses event mutexes
2024-10-23 10:19:54 0 [Note] InnoDB: Compressed tables use zlib 1.3
2024-10-23 10:19:54 0 [Note] InnoDB: Number of pools: 1
2024-10-23 10:19:54 0 [Note] InnoDB: Using SSE2 crc32 instructions
2024-10-23 10:19:54 0 [Note] InnoDB: Initializing buffer pool, total size = 16M, instances = 1, chunk size = 16M
2024-10-23 10:19:54 0 [Note] InnoDB: Completed initialization of buffer pool
2024-10-23 10:19:54 0 [Note] InnoDB: Starting crash recovery from checkpoint LSN=5142881
2024-10-23 10:19:55 0 [Note] InnoDB: 128 out of 128 rollback segments are active.
2024-10-23 10:19:55 0 [Note] InnoDB: Removed temporary tablespace data file: "ibtmp1"
2024-10-23 10:19:55 0 [Note] InnoDB: Creating shared tablespace for temporary tables
2024-10-23 10:19:55 0 [Note] InnoDB: Setting file 'C:\xampp\mysql\data\ibtmp1' size to 12 MB. Physically writing the file full; Please wait ...
2024-10-23 10:19:55 0 [Note] InnoDB: File 'C:\xampp\mysql\data\ibtmp1' size is now 12 MB.
2024-10-23 10:19:55 0 [Note] InnoDB: Waiting for purge to start
2024-10-23 10:19:55 0 [Note] InnoDB: Waiting for purge to start
2024-10-23 10:19:55 0 [Note] InnoDB: 10.4.32 started; log sequence number 5142890; transaction id 5617
2024-10-23 10:19:55 0 [Note] InnoDB: Loading buffer pool(s) from C:\xampp\mysql\data\ib_buffer_pool
2024-10-23 10:19:55 0 [Note] Plugin 'FEEDBACK' is disabled.
2024-10-23 10:19:55 0 [Note] Server socket created on IP: '::'.
2024-10-23 10:19:55 0 [Note] InnoDB: Buffer pool(s) load completed at 241023 10:19:55
2024-10-24  9:00:25 0 [Note] Starting MariaDB 10.4.32-MariaDB source revision c4143f909528e3fab0677a28631d10389354c491 as process 5128
2024-10-24  9:00:25 0 [Note] InnoDB: Mutexes and rw_locks use Windows interlocked functions
2024-10-24  9:00:25 0 [Note] InnoDB: Uses event mutexes
2024-10-24  9:00:25 0 [Note] InnoDB: Compressed tables use zlib 1.3
2024-10-24  9:00:25 0 [Note] InnoDB: Number of pools: 1
2024-10-24  9:00:25 0 [Note] InnoDB: Using SSE2 crc32 instructions
2024-10-24  9:00:25 0 [Note] InnoDB: Initializing buffer pool, total size = 16M, instances = 1, chunk size = 16M
2024-10-24  9:00:25 0 [Note] InnoDB: Completed initialization of buffer pool
2024-10-24  9:00:25 0 [Note] InnoDB: Starting crash recovery from checkpoint LSN=5180874
2024-10-24  9:00:26 0 [Note] InnoDB: 128 out of 128 rollback segments are active.
2024-10-24  9:00:26 0 [Note] InnoDB: Removed temporary tablespace data file: "ibtmp1"
2024-10-24  9:00:26 0 [Note] InnoDB: Creating shared tablespace for temporary tables
2024-10-24  9:00:26 0 [Note] InnoDB: Setting file 'C:\xampp\mysql\data\ibtmp1' size to 12 MB. Physically writing the file full; Please wait ...
2024-10-24  9:00:26 0 [Note] InnoDB: File 'C:\xampp\mysql\data\ibtmp1' size is now 12 MB.
2024-10-24  9:00:26 0 [Note] InnoDB: Waiting for purge to start
2024-10-24  9:00:26 0 [Note] InnoDB: 10.4.32 started; log sequence number 5180883; transaction id 5738
2024-10-24  9:00:26 0 [Note] InnoDB: Loading buffer pool(s) from C:\xampp\mysql\data\ib_buffer_pool
2024-10-24  9:00:26 0 [Note] Plugin 'FEEDBACK' is disabled.
2024-10-24  9:00:26 0 [Note] Server socket created on IP: '::'.
2024-10-25  8:41:21 0 [Note] Starting MariaDB 10.4.32-MariaDB source revision c4143f909528e3fab0677a28631d10389354c491 as process 2428
2024-10-25  8:41:21 0 [Note] InnoDB: Mutexes and rw_locks use Windows interlocked functions
2024-10-25  8:41:21 0 [Note] InnoDB: Uses event mutexes
2024-10-25  8:41:21 0 [Note] InnoDB: Compressed tables use zlib 1.3
2024-10-25  8:41:21 0 [Note] InnoDB: Number of pools: 1
2024-10-25  8:41:21 0 [Note] InnoDB: Using SSE2 crc32 instructions
2024-10-25  8:41:21 0 [Note] InnoDB: Initializing buffer pool, total size = 16M, instances = 1, chunk size = 16M
2024-10-25  8:41:21 0 [Note] InnoDB: Completed initialization of buffer pool
2024-10-25  8:41:21 0 [Note] InnoDB: Starting crash recovery from checkpoint LSN=5182517
2024-10-25  8:41:23 0 [Note] InnoDB: 128 out of 128 rollback segments are active.
2024-10-25  8:41:23 0 [Note] InnoDB: Removed temporary tablespace data file: "ibtmp1"
2024-10-25  8:41:23 0 [Note] InnoDB: Creating shared tablespace for temporary tables
2024-10-25  8:41:23 0 [Note] InnoDB: Setting file 'C:\xampp\mysql\data\ibtmp1' size to 12 MB. Physically writing the file full; Please wait ...
2024-10-25  8:41:23 0 [Note] InnoDB: File 'C:\xampp\mysql\data\ibtmp1' size is now 12 MB.
2024-10-25  8:41:23 0 [Note] InnoDB: Waiting for purge to start
2024-10-25  8:41:23 0 [Note] InnoDB: Waiting for purge to start
2024-10-25  8:41:23 0 [Note] InnoDB: Waiting for purge to start
2024-10-25  8:41:24 0 [Note] InnoDB: Waiting for purge to start
2024-10-25  8:41:24 0 [Note] InnoDB: 10.4.32 started; log sequence number 5182526; transaction id 5782
2024-10-25  8:41:24 0 [Note] InnoDB: Loading buffer pool(s) from C:\xampp\mysql\data\ib_buffer_pool
2024-10-25  8:41:24 0 [Note] InnoDB: Buffer pool(s) load completed at 241025  8:41:24
2024-10-25  8:41:24 0 [Note] Plugin 'FEEDBACK' is disabled.
2024-10-25  8:41:24 0 [Note] Server socket created on IP: '::'.
2024-10-28 16:15:56 0 [Note] Starting MariaDB 10.4.32-MariaDB source revision c4143f909528e3fab0677a28631d10389354c491 as process 10660
2024-10-28 16:15:56 0 [Note] InnoDB: Mutexes and rw_locks use Windows interlocked functions
2024-10-28 16:15:56 0 [Note] InnoDB: Uses event mutexes
2024-10-28 16:15:56 0 [Note] InnoDB: Compressed tables use zlib 1.3
2024-10-28 16:15:56 0 [Note] InnoDB: Number of pools: 1
2024-10-28 16:15:56 0 [Note] InnoDB: Using SSE2 crc32 instructions
2024-10-28 16:15:56 0 [Note] InnoDB: Initializing buffer pool, total size = 16M, instances = 1, chunk size = 16M
2024-10-28 16:15:56 0 [Note] InnoDB: Completed initialization of buffer pool
2024-10-28 16:15:56 0 [Note] InnoDB: Starting crash recovery from checkpoint LSN=5196555
2024-10-28 16:15:57 0 [Note] InnoDB: 128 out of 128 rollback segments are active.
2024-10-28 16:15:57 0 [Note] InnoDB: Removed temporary tablespace data file: "ibtmp1"
2024-10-28 16:15:57 0 [Note] InnoDB: Creating shared tablespace for temporary tables
2024-10-28 16:15:57 0 [Note] InnoDB: Setting file 'C:\xampp\mysql\data\ibtmp1' size to 12 MB. Physically writing the file full; Please wait ...
2024-10-28 16:15:57 0 [Note] InnoDB: File 'C:\xampp\mysql\data\ibtmp1' size is now 12 MB.
2024-10-28 16:15:57 0 [Note] InnoDB: Waiting for purge to start
2024-10-28 16:15:58 0 [Note] InnoDB: 10.4.32 started; log sequence number 5196564; transaction id 5863
2024-10-28 16:15:58 0 [Note] InnoDB: Loading buffer pool(s) from C:\xampp\mysql\data\ib_buffer_pool
2024-10-28 16:15:58 0 [Note] Plugin 'FEEDBACK' is disabled.
2024-10-28 16:15:58 0 [Note] InnoDB: Buffer pool(s) load completed at 241028 16:15:58
2024-10-28 16:15:58 0 [Note] Server socket created on IP: '::'.
2024-10-29 10:42:51 0 [Note] Starting MariaDB 10.4.32-MariaDB source revision c4143f909528e3fab0677a28631d10389354c491 as process 16712
2024-10-29 10:42:51 0 [Note] InnoDB: Mutexes and rw_locks use Windows interlocked functions
2024-10-29 10:42:51 0 [Note] InnoDB: Uses event mutexes
2024-10-29 10:42:51 0 [Note] InnoDB: Compressed tables use zlib 1.3
2024-10-29 10:42:51 0 [Note] InnoDB: Number of pools: 1
2024-10-29 10:42:51 0 [Note] InnoDB: Using SSE2 crc32 instructions
2024-10-29 10:42:51 0 [Note] InnoDB: Initializing buffer pool, total size = 16M, instances = 1, chunk size = 16M
2024-10-29 10:42:51 0 [Note] InnoDB: Completed initialization of buffer pool
2024-10-29 10:42:51 0 [Note] InnoDB: Starting crash recovery from checkpoint LSN=5287677
2024-10-29 10:42:51 0 [Note] InnoDB: 128 out of 128 rollback segments are active.
2024-10-29 10:42:51 0 [Note] InnoDB: Removed temporary tablespace data file: "ibtmp1"
2024-10-29 10:42:51 0 [Note] InnoDB: Creating shared tablespace for temporary tables
2024-10-29 10:42:51 0 [Note] InnoDB: Setting file 'C:\xampp\mysql\data\ibtmp1' size to 12 MB. Physically writing the file full; Please wait ...
2024-10-29 10:42:51 0 [Note] InnoDB: File 'C:\xampp\mysql\data\ibtmp1' size is now 12 MB.
2024-10-29 10:42:51 0 [Note] InnoDB: Waiting for purge to start
2024-10-29 10:42:51 0 [Note] InnoDB: 10.4.32 started; log sequence number 5287686; transaction id 6099
2024-10-29 10:42:51 0 [Note] InnoDB: Loading buffer pool(s) from C:\xampp\mysql\data\ib_buffer_pool
2024-10-29 10:42:51 0 [Note] Plugin 'FEEDBACK' is disabled.
2024-10-29 10:42:51 0 [Note] Server socket created on IP: '::'.
2024-10-29 10:42:51 0 [Note] InnoDB: Buffer pool(2024-10-29 13:49:05 0 [Note] Starting MariaDB 10.4.32-MariaDB source revision c4143f909528e3fab0677a28631d10389354c491 as process 22504
2024-10-29 13:49:05 0 [Note] InnoDB: Mutexes and rw_locks use Windows interlocked functions
2024-10-29 13:49:05 0 [Note] InnoDB: Uses event mutexes
2024-10-29 13:49:05 0 [Note] InnoDB: Compressed tables use zlib 1.3
2024-10-29 13:49:05 0 [Note] InnoDB: Number of pools: 1
2024-10-29 13:49:05 0 [Note] InnoDB: Using SSE2 crc32 instructions
2024-10-29 13:49:05 0 [Note] InnoDB: Initializing buffer pool, total size = 16M, instances = 1, chunk size = 16M
2024-10-29 13:49:05 0 [Note] InnoDB: Completed initialization of buffer pool
2024-10-29 13:49:05 0 [Note] InnoDB: Starting crash recovery from checkpoint LSN=5288012
2024-10-29 13:49:06 0 [Note] InnoDB: 128 out of 128 rollback segments are active.
2024-10-29 13:49:06 0 [Note] InnoDB: Removed temporary tablespace data file: "ibtmp1"
2024-10-29 13:49:06 0 [Note] InnoDB: Creating shared tablespace for temporary tables
2024-10-29 13:49:06 0 [Note] InnoDB: Setting file 'C:\xampp\mysql\data\ibtmp1' size to 12 MB. Physically writing the file full; Please wait ...
2024-10-29 13:49:06 0 [Note] InnoDB: File 'C:\xampp\mysql\data\ibtmp1' size is now 12 MB.
2024-10-29 13:49:06 0 [Note] InnoDB: Waiting for purge to start
2024-10-29 13:49:06 0 [Note] InnoDB: 10.4.32 started; log sequence number 5288021; transaction id 6122
2024-10-29 13:49:06 0 [Note] InnoDB: Loading buffer pool(s) from C:\xampp\mysql\data\ib_buffer_pool
2024-10-29 13:49:06 0 [Note] Plugin 'FEEDBACK' is disabled.
2024-10-29 13:49:06 0 [Note] Server socket created on IP: '::'.
2024-10-31 12:55:27 0 [Note] Starting MariaDB 10.4.32-MariaDB source revision c4143f909528e3fab0677a28631d10389354c491 as process 11120
2024-10-31 12:55:27 0 [Note] InnoDB: Mutexes and rw_locks use Windows interlocked functions
2024-10-31 12:55:27 0 [Note] InnoDB: Uses event mutexes
2024-10-31 12:55:27 0 [Note] InnoDB: Compressed tables use zlib 1.3
2024-10-31 12:55:27 0 [Note] InnoDB: Number of pools: 1
2024-10-31 12:55:27 0 [Note] InnoDB: Using SSE2 crc32 instructions
2024-10-31 12:55:27 0 [Note] InnoDB: Initializing buffer pool, total size = 16M, instances = 1, chunk size = 16M
2024-10-31 12:55:27 0 [Note] InnoDB: Completed initialization of buffer pool
2024-10-31 12:55:27 0 [Note] InnoDB: Starting crash recovery from checkpoint LSN=5288897
2024-10-31 12:55:28 0 [Note] InnoDB: 128 out of 128 rollback segments are active.
2024-10-31 12:55:28 0 [Note] InnoDB: Removed temporary tablespace data file: "ibtmp1"
2024-10-31 12:55:28 0 [Note] InnoDB: Creating shared tablespace for temporary tables
2024-10-31 12:55:28 0 [Note] InnoDB: Setting file 'C:\xampp\mysql\data\ibtmp1' size to 12 MB. Physically writing the file full; Please wait ...
2024-10-31 12:55:28 0 [Note] InnoDB: File 'C:\xampp\mysql\data\ibtmp1' size is now 12 MB.
2024-10-31 12:55:28 0 [Note] InnoDB: Waiting for purge to start
2024-10-31 12:55:28 0 [Note] InnoDB: 10.4.32 started; log sequence number 5288906; transaction id 6145
2024-10-31 12:55:28 0 [Note] InnoDB: Loading buffer pool(s) from C:\xampp\mysql\data\ib_buffer_pool
2024-10-31 12:55:28 0 [Note] Plugin 'FEEDBACK' is disabled.
2024-10-31 12:55:28 0 [Note] Server socket created on IP: '::'.
2024-11-01 11:13:39 0 [Note] Starting MariaDB 10.4.32-MariaDB source revision c4143f909528e3fab0677a28631d10389354c491 as process 12348
2024-11-01 11:13:39 0 [Note] InnoDB: Mutexes and rw_locks use Windows interlocked functions
2024-11-01 11:13:39 0 [Note] InnoDB: Uses event mutexes
2024-11-01 11:13:39 0 [Note] InnoDB: Compressed tables use zlib 1.3
2024-11-01 11:13:39 0 [Note] InnoDB: Number of pools: 1
2024-11-01 11:13:39 0 [Note] InnoDB: Using SSE2 crc32 instructions
2024-11-01 11:13:39 0 [Note] InnoDB: Initializing buffer pool, total size = 16M, instances = 1, chunk size = 16M
2024-11-01 11:13:39 0 [Note] InnoDB: Completed initialization of buffer pool
2024-11-01 11:13:39 0 [Note] InnoDB: Starting crash recovery from checkpoint LSN=5313474
2024-11-01 11:13:41 0 [Note] InnoDB: 128 out of 128 rollback segments are active.
2024-11-01 11:13:41 0 [Note] InnoDB: Removed temporary tablespace data file: "ibtmp1"
2024-11-01 11:13:41 0 [Note] InnoDB: Creating shared tablespace for temporary tables
2024-11-01 11:13:41 0 [Note] InnoDB: Setting file 'C:\xampp\mysql\data\ibtmp1' size to 12 MB. Physically writing the file full; Please wait ...
2024-11-01 11:13:41 0 [Note] InnoDB: File 'C:\xampp\mysql\data\ibtmp1' size is now 12 MB.
2024-11-01 11:13:41 0 [Note] InnoDB: Waiting for purge to start
2024-11-01 11:13:41 0 [Note] InnoDB: 10.4.32 started; log sequence number 5313483; transaction id 6225
2024-11-01 11:13:41 0 [Note] InnoDB: Loading buffer pool(s) from C:\xampp\mysql\data\ib_buffer_pool
2024-11-01 11:13:41 0 [Note] Plugin 'FEEDBACK' is disabled.
2024-11-01 11:13:41 0 [Note] InnoDB: Buffer pool(s) load completed at 241101 11:13:41
2024-11-01 11:13:41 0 [Note] Server socket created on IP: '::'.
2024-11-02  6:29:23 0 [Note] Starting MariaDB 10.4.32-MariaDB source revision c4143f909528e3fab0677a28631d10389354c491 as process 1436
2024-11-02  6:29:23 0 [Note] InnoDB: Mutexes and rw_locks use Windows interlocked functions
2024-11-02  6:29:23 0 [Note] InnoDB: Uses event mutexes
2024-11-02  6:29:23 0 [Note] InnoDB: Compressed tables use zlib 1.3
2024-11-02  6:29:23 0 [Note] InnoDB: Number of pools: 1
2024-11-02  6:29:23 0 [Note] InnoDB: Using SSE2 crc32 instructions
2024-11-02  6:29:23 0 [Note] InnoDB: Initializing buffer pool, total size = 16M, instances = 1, chunk size = 16M
2024-11-02  6:29:23 0 [Note] InnoDB: Completed initialization of buffer pool
2024-11-02  6:29:23 0 [Note] InnoDB: Starting crash recovery from checkpoint LSN=5327790
2024-11-02  6:29:24 0 [Note] InnoDB: 128 out of 128 rollback segments are active.
2024-11-02  6:29:24 0 [Note] InnoDB: Removed temporary tablespace data file: "ibtmp1"
2024-11-02  6:29:24 0 [Note] InnoDB: Creating shared tablespace for temporary tables
2024-11-02  6:29:24 0 [Note] InnoDB: Setting file 'C:\xampp\mysql\data\ibtmp1' size to 12 MB. Physically writing the file full; Please wait ...
2024-11-02  6:29:24 0 [Note] InnoDB: File 'C:\xampp\mysql\data\ibtmp1' size is now 12 MB.
2024-11-02  6:29:24 0 [Note] InnoDB: Waiting for purge to start
2024-11-02  6:29:24 0 [Note] InnoDB: 10.4.32 started; log sequence number 5327799; transaction id 6299
2024-11-02  6:29:24 0 [Note] InnoDB: Loading buffer pool(s) from C:\xampp\mysql\data\ib_buffer_pool
2024-11-02  6:29:24 0 [Note] Plugin 'FEEDBACK' is disabled.
2024-11-02  6:29:24 0 [Note] InnoDB: Buffer pool(s) load completed at 241102  6:29:24
2024-11-02  6:29:24 0 [Note] Server socket created on IP: '::'.
2024-11-03 19:12:13 0 [Note] Starting MariaDB 10.4.32-MariaDB source revision c4143f909528e3fab0677a28631d10389354c491 as process 31268
2024-11-03 19:12:13 0 [Note] InnoDB: Mutexes and rw_locks use Windows interlocked functions
2024-11-03 19:12:13 0 [Note] InnoDB: Uses event mutexes
2024-11-03 19:12:13 0 [Note] InnoDB: Compressed tables use zlib 1.3
2024-11-03 19:12:13 0 [Note] InnoDB: Number of pools: 1
2024-11-03 19:12:13 0 [Note] InnoDB: Using SSE2 crc32 instructions
2024-11-03 19:12:13 0 [Note] InnoDB: Initializing buffer pool, total size = 16M, instances = 1, chunk size = 16M
2024-11-03 19:12:13 0 [Note] InnoDB: Completed initialization of buffer pool
2024-11-03 19:12:13 0 [Note] InnoDB: Starting crash recovery from checkpoint LSN=5352156
2024-11-03 19:12:13 0 [Note] InnoDB: 128 out of 128 rollback segments are active.
2024-11-03 19:12:13 0 [Note] InnoDB: Removed temporary tablespace data file: "ibtmp1"
2024-11-03 19:12:13 0 [Note] InnoDB: Creating shared tablespace for temporary tables
2024-11-03 19:12:13 0 [Note] InnoDB: Setting file 'C:\xampp\mysql\data\ibtmp1' size to 12 MB. Physically writing the file full; Please wait ...
2024-11-03 19:12:13 0 [Note] InnoDB: File 'C:\xampp\mysql\data\ibtmp1' size is now 12 MB.
2024-11-03 19:12:13 0 [Note] InnoDB: Waiting for purge to start
2024-11-03 19:12:14 0 [Note] InnoDB: 10.4.32 started; log sequence number 5352165; transaction id 6420
2024-11-03 19:12:14 0 [Note] InnoDB: Loading buffer pool(s) from C:\xampp\mysql\data\ib_buffer_pool
2024-11-03 19:12:14 0 [Note] Plugin 'FEEDBACK' is disabled.
2024-11-03 19:12:14 0 [Note] InnoDB: Buffer pool(s) load completed at 241103 19:12:14
2024-11-03 19:12:14 0 [Note] Server socket created on IP: '::'.
2024-11-05  6:17:53 0 [Note] Starting MariaDB 10.4.32-MariaDB source revision c4143f909528e3fab0677a28631d10389354c491 as process 28284
2024-11-05  6:17:53 0 [Note] InnoDB: Mutexes and rw_locks use Windows interlocked functions
2024-11-05  6:17:53 0 [Note] InnoDB: Uses event mutexes
2024-11-05  6:17:53 0 [Note] InnoDB: Compressed tables use zlib 1.3
2024-11-05  6:17:53 0 [Note] InnoDB: Number of pools: 1
2024-11-05  6:17:53 0 [Note] InnoDB: Using SSE2 crc32 instructions
2024-11-05  6:17:53 0 [Note] InnoDB: Initializing buffer pool, total size = 16M, instances = 1, chunk size = 16M
2024-11-05  6:17:53 0 [Note] InnoDB: Completed initialization of buffer pool
2024-11-05  6:17:53 0 [Note] InnoDB: Starting crash recovery from checkpoint LSN=5352174
2024-11-05  6:17:54 0 [Note] InnoDB: 128 out of 128 rollback segments are active.
2024-11-05  6:17:54 0 [Note] InnoDB: Removed temporary tablespace data file: "ibtmp1"
2024-11-05  6:17:54 0 [Note] InnoDB: Creating shared tablespace for temporary tables
2024-11-05  6:17:54 0 [Note] InnoDB: Setting file 'C:\xampp\mysql\data\ibtmp1' size to 12 MB. Physically writing the file full; Please wait ...
2024-11-05  6:17:54 0 [Note] InnoDB: File 'C:\xampp\mysql\data\ibtmp1' size is now 12 MB.
2024-11-05  6:17:54 0 [Note] InnoDB: Waiting for purge to start
2024-11-05  6:17:54 0 [Note] InnoDB: 10.4.32 started; log sequence number 5352183; transaction id 6420
2024-11-05  6:17:54 0 [Note] InnoDB: Loading buffer pool(s) from C:\xampp\mysql\data\ib_buffer_pool
2024-11-05  6:17:54 0 [Note] Plugin 'FEEDBACK' is disabled.
2024-11-05  6:17:54 0 [Note] InnoDB: Buffer pool(s) load completed at 241105  6:17:54
2024-11-05  6:17:54 0 [Note] Server socket created on IP: '::'.
2024-11-06  6:11:14 0 [Note] Starting MariaDB 10.4.32-MariaDB source revision c4143f909528e3fab0677a28631d10389354c491 as process 8428
2024-11-06  6:11:14 0 [Note] InnoDB: Mutexes and rw_locks use Windows interlocked functions
2024-11-06  6:11:14 0 [Note] InnoDB: Uses event mutexes
2024-11-06  6:11:14 0 [Note] InnoDB: Compressed tables use zlib 1.3
2024-11-06  6:11:14 0 [Note] InnoDB: Number of pools: 1
2024-11-06  6:11:14 0 [Note] InnoDB: Using SSE2 crc32 instructions
2024-11-06  6:11:14 0 [Note] InnoDB: Initializing buffer pool, total size = 16M, instances = 1, chunk size = 16M
2024-11-06  6:11:14 0 [Note] InnoDB: Completed initialization of buffer pool
2024-11-06  6:11:14 0 [Note] InnoDB: Starting crash recovery from checkpoint LSN=5492425
2024-11-06  6:11:14 0 [Note] InnoDB: 128 out of 128 rollback segments are active.
2024-11-06  6:11:14 0 [Note] InnoDB: Removed temporary tablespace data file: "ibtmp1"
2024-11-06  6:11:14 0 [Note] InnoDB: Creating shared tablespace for temporary tables
2024-11-06  6:11:14 0 [Note] InnoDB: Setting file 'C:\xampp\mysql\data\ibtmp1' size to 12 MB. Physically writing the file full; Please wait ...
2024-11-06  6:11:14 0 [Note] InnoDB: File 'C:\xampp\mysql\data\ibtmp1' size is now 12 MB.
2024-11-06  6:11:14 0 [Note] InnoDB: Waiting for purge to start
2024-11-06  6:11:14 0 [Note] InnoDB: 10.4.32 started; log sequence number 5492434; transaction id 6728
2024-11-06  6:11:14 0 [Note] InnoDB: Loading buffer pool(s) from C:\xampp\mysql\data\ib_buffer_pool
2024-11-06  6:11:14 0 [Note] Plugin 'FEEDBACK' is disabled.
2024-11-06  6:11:14 0 [Note] InnoDB: Buffer pool(s) load completed at 241106  6:11:14
2024-11-06  6:11:14 0 [Note] Server socket created on IP: '::'.
2024-11-07  6:59:54 0 [Note] Starting MariaDB 10.4.32-MariaDB source revision c4143f909528e3fab0677a28631d10389354c491 as process 26892
2024-11-07  6:59:54 0 [Note] InnoDB: Mutexes and rw_locks use Windows interlocked functions
2024-11-07  6:59:54 0 [Note] InnoDB: Uses event mutexes
2024-11-07  6:59:54 0 [Note] InnoDB: Compressed tables use zlib 1.3
2024-11-07  6:59:54 0 [Note] InnoDB: Number of pools: 1
2024-11-07  6:59:54 0 [Note] InnoDB: Using SSE2 crc32 instructions
2024-11-07  6:59:54 0 [Note] InnoDB: Initializing buffer pool, total size = 16M, instances = 1, chunk size = 16M
2024-11-07  6:59:54 0 [Note] InnoDB: Completed initialization of buffer pool
2024-11-07  6:59:54 0 [Note] InnoDB: Starting crash recovery from checkpoint LSN=5531008
2024-11-07  6:59:55 0 [Note] InnoDB: 128 out of 128 rollback segments are active.
2024-11-07  6:59:55 0 [Note] InnoDB: Removed temporary tablespace data file: "ibtmp1"
2024-11-07  6:59:55 0 [Note] InnoDB: Creating shared tablespace for temporary tables
2024-11-07  6:59:55 0 [Note] InnoDB: Setting file 'C:\xampp\mysql\data\ibtmp1' size to 12 MB. Physically writing the file full; Please wait ...
2024-11-07  6:59:55 0 [Note] InnoDB: File 'C:\xampp\mysql\data\ibtmp1' size is now 12 MB.
2024-11-07  6:59:55 0 [Note] InnoDB: Waiting for purge to start
2024-11-07  6:59:55 0 [Note] InnoDB: 10.4.32 started; log sequence number 5531017; transaction id 6871
2024-11-07  6:59:55 0 [Note] InnoDB: Loading buffer pool(s) from C:\xampp\mysql\data\ib_buffer_pool
2024-11-07  6:59:55 0 [Note] Plugin 'FEEDBACK' is disabled.
2024-11-07  6:59:55 0 [Note] Server socket created on IP: '::'.
2024-11-07 11:56:02 0 [Note] Starting MariaDB 10.4.32-MariaDB source revision c4143f909528e3fab0677a28631d10389354c491 as process 13248
2024-11-07 11:56:02 0 [Note] InnoDB: Mutexes and rw_locks use Windows interlocked functions
2024-11-07 11:56:02 0 [Note] InnoDB: Uses event mutexes
2024-11-07 11:56:02 0 [Note] InnoDB: Compressed tables use zlib 1.3
2024-11-07 11:56:02 0 [Note] InnoDB: Number of pools: 1
2024-11-07 11:56:02 0 [Note] InnoDB: Using SSE2 crc32 instructions
2024-11-07 11:56:02 0 [Note] InnoDB: Initializing buffer pool, total size = 16M, instances = 1, chunk size = 16M
2024-11-07 11:56:02 0 [Note] InnoDB: Completed initialization of buffer pool
2024-11-07 11:56:02 0 [Note] InnoDB: Starting crash recovery from checkpoint LSN=7035689
2024-11-07 11:56:03 0 [Note] InnoDB: 128 out of 128 rollback segments are active.
2024-11-07 11:56:03 0 [Note] InnoDB: Removed temporary tablespace data file: "ibtmp1"
2024-11-07 11:56:03 0 [Note] InnoDB: Creating shared tablespace for temporary tables
2024-11-07 11:56:03 0 [Note] InnoDB: Setting file 'C:\xampp\mysql\data\ibtmp1' size to 12 MB. Physically writing the file full; Please wait ...
2024-11-07 11:56:03 0 [Note] InnoDB: File 'C:\xampp\mysql\data\ibtmp1' size is now 12 MB.
2024-11-07 11:56:03 0 [Note] InnoDB: Waiting for purge to start
2024-11-07 11:56:03 0 [Note] InnoDB: Waiting for purge to start
2024-11-07 11:56:03 0 [Note] InnoDB: Waiting for purge to start
2024-11-07 11:56:03 0 [Note] InnoDB: 10.4.32 started; log sequence number 7035698; transaction id 8594
2024-11-07 11:56:03 0 [Note] InnoDB: Loading buffer pool(s) from C:\xampp\mysql\data\ib_buffer_pool
2024-11-07 11:56:03 0 [Note] Plugin 'FEEDBACK' is disabled.
2024-11-07 11:56:03 0 [Note] InnoDB: Buffer pool(s) load completed at 241107 11:56:03
2024-11-07 11:56:03 0 [Note] Server socket created on IP: '::'.
2024-11-07 13:08:01 0 [Note] Starting MariaDB 10.4.32-MariaDB source revision c4143f909528e3fab0677a28631d10389354c491 as process 14524
2024-11-07 13:08:01 0 [Note] InnoDB: Mutexes and rw_locks use Windows interlocked functions
2024-11-07 13:08:01 0 [Note] InnoDB: Uses event mutexes
2024-11-07 13:08:01 0 [Note] InnoDB: Compressed tables use zlib 1.3
2024-11-07 13:08:01 0 [Note] InnoDB: Number of pools: 1
2024-11-07 13:08:01 0 [Note] InnoDB: Using SSE2 crc32 instructions
2024-11-07 13:08:01 0 [Note] InnoDB: Initializing buffer pool, total size = 16M, instances = 1, chunk size = 16M
2024-11-07 13:08:01 0 [Note] InnoDB: Completed initialization of buffer pool
2024-11-07 13:08:01 0 [Note] InnoDB: Starting crash recovery from checkpoint LSN=7415260
2024-11-07 13:08:01 0 [Note] InnoDB: 128 out of 128 rollback segments are active.
2024-11-07 13:08:01 0 [Note] InnoDB: Removed temporary tablespace data file: "ibtmp1"
2024-11-07 13:08:01 0 [Note] InnoDB: Creating shared tablespace for temporary tables
2024-11-07 13:08:01 0 [Note] InnoDB: Setting file 'C:\xampp\mysql\data\ibtmp1' size to 12 MB. Physically writing the file full; Please wait ...
2024-11-07 13:08:01 0 [Note] InnoDB: File 'C:\xampp\mysql\data\ibtmp1' size is now 12 MB.
2024-11-07 13:08:01 0 [Note] InnoDB: 10.4.32 started; log sequence number 7415269; transaction id 9071
2024-11-07 13:08:02 0 [Note] InnoDB: Loading buffer pool(s) from C:\xampp\mysql\data\ib_buffer_pool
2024-11-07 13:08:02 0 [Note] Plugin 'FEEDBACK' is disabled.
2024-11-07 13:08:02 0 [Note] Server socket created on IP: '::'.
202024-11-07 13:08:23 0 [Note] Starting MariaDB 10.4.32-MariaDB source revision c4143f909528e3fab0677a28631d10389354c491 as process 12636
2024-11-07 13:08:23 0 [Note] InnoDB: Mutexes and rw_locks use Windows interlocked functions
2024-11-07 13:08:23 0 [Note] InnoDB: Uses event mutexes
2024-11-07 13:08:23 0 [Note] InnoDB: Compressed tables use zlib 1.3
2024-11-07 13:08:23 0 [Note] InnoDB: Number of pools: 1
2024-11-07 13:08:23 0 [Note] InnoDB: Using SSE2 crc32 instructions
2024-11-07 13:08:23 0 [Note] InnoDB: Initializing buffer pool, total size = 16M, instances = 1, chunk size = 16M
2024-11-07 13:08:24 0 [Note] InnoDB: Completed initialization of buffer pool
2024-11-07 13:08:24 0 [Note] InnoDB: Starting crash recovery from checkpoint LSN=7415278
2024-11-07 13:08:24 0 [Note] InnoDB: 128 out of 128 rollback segments are active.
2024-11-07 13:08:24 0 [Note] InnoDB: Removed temporary tablespace data file: "ibtmp1"
2024-11-07 13:08:24 0 [Note] InnoDB: Creating shared tablespace for temporary tables
2024-11-07 13:08:24 0 [Note] InnoDB: Setting file 'C:\xampp\mysql\data\ibtmp1' size to 12 MB. Physically writing the file full; Please wait ...
2024-11-07 13:08:24 0 [Note] InnoDB: File 'C:\xampp\mysql\data\ibtmp1' size is now 12 MB.
2024-11-07 13:08:24 0 [Note] InnoDB: Waiting for purge to start
2024-11-07 13:08:24 0 [Note] InnoDB: 10.4.32 started; log sequence number 7415287; transaction id 9071
2024-11-07 13:08:24 0 [Note] InnoDB: Loading buffer pool(s) from C:\xampp\mysql\data\ib_buffer_pool
2024-11-07 13:08:24 0 [Note] Plugin 'FEEDBACK' is disabled.
2024-11-07 13:08:24 0 [Note] Server socket created on IP: '::'.
2024-11-07 13:08:24 0 [Note] InnoDB: Buffer pool(s) load com2024-11-08  6:38:20 0 [Note] Starting MariaDB 10.4.32-MariaDB source revision c4143f909528e3fab0677a28631d10389354c491 as process 11136
2024-11-08  6:38:20 0 [Note] InnoDB: Mutexes and rw_locks use Windows interlocked functions
2024-11-08  6:38:20 0 [Note] InnoDB: Uses event mutexes
2024-11-08  6:38:20 0 [Note] InnoDB: Compressed tables use zlib 1.3
2024-11-08  6:38:20 0 [Note] InnoDB: Number of pools: 1
2024-11-08  6:38:20 0 [Note] InnoDB: Using SSE2 crc32 instructions
2024-11-08  6:38:20 0 [Note] InnoDB: Initializing buffer pool, total size = 16M, instances = 1, chunk size = 16M
2024-11-08  6:38:20 0 [Note] InnoDB: Completed initialization of buffer pool
2024-11-08  6:38:20 0 [Note] InnoDB: Starting crash recovery from checkpoint LSN=7415823
2024-11-08  6:38:21 0 [Note] InnoDB: 128 out of 128 rollback segments are active.
2024-11-08  6:38:21 0 [Note] InnoDB: Removed temporary tablespace data file: "ibtmp1"
2024-11-08  6:38:21 0 [Note] InnoDB: Creating shared tablespace for temporary tables
2024-11-08  6:38:21 0 [Note] InnoDB: Setting file 'C:\xampp\mysql\data\ibtmp1' size to 12 MB. Physically writing the file full; Please wait ...
2024-11-08  6:38:21 0 [Note] InnoDB: File 'C:\xampp\mysql\data\ibtmp1' size is now 12 MB.
2024-11-08  6:38:21 0 [Note] InnoDB: Waiting for purge to start
2024-11-08  6:38:21 0 [Note] InnoDB: 10.4.32 started; log sequence number 7415832; transaction id 9107
2024-11-08  6:38:21 0 [Note] InnoDB: Loading buffer pool(s) from C:\xampp\mysql\data\ib_buffer_pool
2024-11-08  6:38:21 0 [Note] Plugin 'FEEDBACK' is disabled.
2024-11-08  6:38:21 0 [Note] Server socket created on IP: '::'.
2024-11-09 19:06:15 0 [Note] Starting MariaDB 10.4.32-MariaDB source revision c4143f909528e3fab0677a28631d10389354c491 as process 2440
2024-11-09 19:06:15 0 [Note] InnoDB: Mutexes and rw_locks use Windows interlocked functions
2024-11-09 19:06:15 0 [Note] InnoDB: Uses event mutexes
2024-11-09 19:06:15 0 [Note] InnoDB: Compressed tables use zlib 1.3
2024-11-09 19:06:15 0 [Note] InnoDB: Number of pools: 1
2024-11-09 19:06:15 0 [Note] InnoDB: Using SSE2 crc32 instructions
2024-11-09 19:06:15 0 [Note] InnoDB: Initializing buffer pool, total size = 16M, instances = 1, chunk size = 16M
2024-11-09 19:06:15 0 [Note] InnoDB: Completed initialization of buffer pool
2024-11-09 19:06:15 0 [Note] InnoDB: Starting crash recovery from checkpoint LSN=7471499
2024-11-09 19:06:15 0 [Note] InnoDB: 128 out of 128 rollback segments are active.
2024-11-09 19:06:15 0 [Note] InnoDB: Removed temporary tablespace data file: "ibtmp1"
2024-11-09 19:06:15 0 [Note] InnoDB: Creating shared tablespace for temporary tables
2024-11-09 19:06:15 0 [Note] InnoDB: Setting file 'C:\xampp\mysql\data\ibtmp1' size to 12 MB. Physically writing the file full; Please wait ...
2024-11-09 19:06:15 0 [Note] InnoDB: File 'C:\xampp\mysql\data\ibtmp1' size is now 12 MB.
2024-11-09 19:06:15 0 [Note] InnoDB: Waiting for purge to start
2024-11-09 19:06:16 0 [Note] InnoDB: 10.4.32 started; log sequence number 7471508; transaction id 9309
2024-11-09 19:06:16 0 [Note] InnoDB: Loading buffer pool(s) from C:\xampp\mysql\data\ib_buffer_pool
2024-11-09 19:06:16 0 [Note] Plugin 'FEEDBACK' is disabled.
2024-11-09 19:06:16 0 [Note] Server socket created on IP: '::'.
2024-11-09 20:05:27 0 [Note] Starting MariaDB 10.4.32-MariaDB source revision c4143f909528e3fab0677a28631d10389354c491 as process 6416
2024-11-09 20:05:27 0 [Note] InnoDB: Mutexes and rw_locks use Windows interlocked functions
2024-11-09 20:05:27 0 [Note] InnoDB: Uses event mutexes
2024-11-09 20:05:27 0 [Note] InnoDB: Compressed tables use zlib 1.3
2024-11-09 20:05:27 0 [Note] InnoDB: Number of pools: 1
2024-11-09 20:05:27 0 [Note] InnoDB: Using SSE2 crc32 instructions
2024-11-09 20:05:27 0 [Note] InnoDB: Initializing buffer pool, total size = 16M, instances = 1, chunk size = 16M
2024-11-09 20:05:27 0 [Note] InnoDB: Completed initialization of buffer pool
2024-11-09 20:05:27 0 [Note] InnoDB: Starting crash recovery from checkpoint LSN=7471517
2024-11-09 20:05:27 0 [Note] InnoDB: 128 out of 128 rollback segments are active.
2024-11-09 20:05:27 0 [Note] InnoDB: Removed temporary tablespace data file: "ibtmp1"
2024-11-09 20:05:27 0 [Note] InnoDB: Creating shared tablespace for temporary tables
2024-11-09 20:05:27 0 [Note] InnoDB: Setting file 'C:\xampp\mysql\data\ibtmp1' size to 12 MB. Physically writing the file full; Please wait ...
2024-11-09 20:05:27 0 [Note] InnoDB: File 'C:\xampp\mysql\data\ibtmp1' size is now 12 MB.
2024-11-09 20:05:27 0 [Note] InnoDB: Waiting for purge to start
2024-11-09 20:05:27 0 [Note] InnoDB: 10.4.32 started; log sequence number 7471526; transaction id 9309
2024-11-09 20:05:27 0 [Note] InnoDB: Loading buffer pool(s) from C:\xampp\mysql\data\ib_buffer_pool
2024-11-09 20:05:27 0 [Note] Plugin 'FEEDBACK' is disabled.
2024-11-09 20:05:27 0 [Note] Server socket created on IP: '::'.
2024-11-10 10:52:00 0 [Note] Starting MariaDB 10.4.32-MariaDB source revision c4143f909528e3fab0677a28631d10389354c491 as process 14652
2024-11-10 10:52:00 0 [Note] InnoDB: Mutexes and rw_locks use Windows interlocked functions
2024-11-10 10:52:00 0 [Note] InnoDB: Uses event mutexes
2024-11-10 10:52:00 0 [Note] InnoDB: Compressed tables use zlib 1.3
2024-11-10 10:52:00 0 [Note] InnoDB: Number of pools: 1
2024-11-10 10:52:00 0 [Note] InnoDB: Using SSE2 crc32 instructions
2024-11-10 10:52:00 0 [Note] InnoDB: Initializing buffer pool, total size = 16M, instances = 1, chunk size = 16M
2024-11-10 10:52:00 0 [Note] InnoDB: Completed initialization of buffer pool
2024-11-10 10:52:00 0 [Note] InnoDB: Starting crash recovery from checkpoint LSN=7471535
2024-11-10 10:52:01 0 [Note] InnoDB: 128 out of 128 rollback segments are active.
2024-11-10 10:52:01 0 [Note] InnoDB: Removed temporary tablespace data file: "ibtmp1"
2024-11-10 10:52:01 0 [Note] InnoDB: Creating shared tablespace for temporary tables
2024-11-10 10:52:01 0 [Note] InnoDB: Setting file 'C:\xampp\mysql\data\ibtmp1' size to 12 MB. Physically writing the file full; Please wait ...
2024-11-10 10:52:01 0 [Note] InnoDB: File 'C:\xampp\mysql\data\ibtmp1' size is now 12 MB.
2024-11-10 10:52:01 0 [Note] InnoDB: Waiting for purge to start
2024-11-10 10:52:01 0 [Note] InnoDB: 10.4.32 started; log sequence number 7471544; transaction id 9309
2024-11-10 10:52:01 0 [Note] InnoDB: Loading buffer pool(s) from C:\xampp\mysql\data\ib_buffer_pool
2024-11-10 10:52:01 0 [Note] Plugin 'FEEDBACK' is disabled.
2024-11-10 10:52:01 0 [Note] Server socket created on IP: '::'.
2024-11-11  9:21:58 0 [Note] Starting MariaDB 10.4.32-MariaDB source revision c4143f909528e3fab0677a28631d10389354c491 as process 18124
2024-11-11  9:21:58 0 [Note] InnoDB: Mutexes and rw_locks use Windows interlocked functions
2024-11-11  9:21:58 0 [Note] InnoDB: Uses event mutexes
2024-11-11  9:21:58 0 [Note] InnoDB: Compressed tables use zlib 1.3
2024-11-11  9:21:58 0 [Note] InnoDB: Number of pools: 1
2024-11-11  9:21:58 0 [Note] InnoDB: Using SSE2 crc32 instructions
2024-11-11  9:21:58 0 [Note] InnoDB: Initializing buffer pool, total size = 16M, instances = 1, chunk size = 16M
2024-11-11  9:21:58 0 [Note] InnoDB: Completed initialization of buffer pool
2024-11-11  9:21:58 0 [Note] InnoDB: Starting crash recovery from checkpoint LSN=7471967
2024-11-11  9:22:00 0 [Note] InnoDB: 128 out of 128 rollback segments are active.
2024-11-11  9:22:00 0 [Note] InnoDB: Removed temporary tablespace data file: "ibtmp1"
2024-11-11  9:22:00 0 [Note] InnoDB: Creating shared tablespace for temporary tables
2024-11-11  9:22:00 0 [Note] InnoDB: Setting file 'C:\xampp\mysql\data\ibtmp1' size to 12 MB. Physically writing the file full; Please wait ...
2024-11-11  9:22:00 0 [Note] InnoDB: File 'C:\xampp\mysql\data\ibtmp1' size is now 12 MB.
2024-11-11  9:22:00 0 [Note] InnoDB: Waiting for purge to start
2024-11-11  9:22:00 0 [Note] InnoDB: Waiting for purge to start
2024-11-11  9:22:00 0 [Note] InnoDB: Waiting for purge to start
2024-11-11  9:22:01 0 [Note] InnoDB: 10.4.32 started; log sequence number 7471976; transaction id 9351
2024-11-11  9:22:01 0 [Note] InnoDB: Loading buffer pool(s) from C:\xampp\mysql\data\ib_buffer_pool
2024-11-11  9:22:01 0 [Note] InnoDB: Buffer pool(s) load completed at 241111  9:22:01
2024-11-11  9:22:01 0 [Note] Plugin 'FEEDBACK' is disabled.
2024-11-11  9:22:01 0 [Note] Server socket created on IP: '::'.
2024-11-12  6:27:56 0 [Note] Starting MariaDB 10.4.32-MariaDB source revision c4143f909528e3fab0677a28631d10389354c491 as process 11696
2024-11-12  6:27:56 0 [Note] InnoDB: Mutexes and rw_locks use Windows interlocked functions
2024-11-12  6:27:56 0 [Note] InnoDB: Uses event mutexes
2024-11-12  6:27:56 0 [Note] InnoDB: Compressed tables use zlib 1.3
2024-11-12  6:27:56 0 [Note] InnoDB: Number of pools: 1
2024-11-12  6:27:56 0 [Note] InnoDB: Using SSE2 crc32 instructions
2024-11-12  6:27:56 0 [Note] InnoDB: Initializing buffer pool, total size = 16M, instances = 1, chunk size = 16M
2024-11-12  6:27:56 0 [Note] InnoDB: Completed initialization of buffer pool
2024-11-12  6:27:56 0 [Note] InnoDB: Starting crash recovery from checkpoint LSN=7471985
2024-11-12  6:27:56 0 [Note] InnoDB: 128 out of 128 rollback segments are active.
2024-11-12  6:27:56 0 [Note] InnoDB: Removed temporary tablespace data file: "ibtmp1"
2024-11-12  6:27:56 0 [Note] InnoDB: Creating shared tablespace for temporary tables
2024-11-12  6:27:56 0 [Note] InnoDB: Setting file 'C:\xampp\mysql\data\ibtmp1' size to 12 MB. Physically writing the file full; Please wait ...
2024-11-12  6:27:56 0 [Note] InnoDB: File 'C:\xampp\mysql\data\ibtmp1' size is now 12 MB.
2024-11-12  6:27:56 0 [Note] InnoDB: Waiting for purge to start
2024-11-12  6:27:56 0 [Note] InnoDB: 10.4.32 started; log sequence number 7471994; transaction id 9351
2024-11-12  6:27:56 0 [Note] InnoDB: Loading buffer pool(s) from C:\xampp\mysql\data\ib_buffer_pool
2024-11-12  6:27:56 0 [Note] Plugin 'FEEDBACK' is disabled.
2024-11-12  6:27:56 0 [Note] Server socket created on IP: '::'.
2024-11-12 16:13:24 0 [Note] Starting MariaDB 10.4.32-MariaDB source revision c4143f909528e3fab0677a28631d10389354c491 as process 8092
2024-11-12 16:13:24 0 [Note] InnoDB: Mutexes and rw_locks use Windows interlocked functions
2024-11-12 16:13:24 0 [Note] InnoDB: Uses event mutexes
2024-11-12 16:13:24 0 [Note] InnoDB: Compressed tables use zlib 1.3
2024-11-12 16:13:24 0 [Note] InnoDB: Number of pools: 1
2024-11-12 16:13:24 0 [Note] InnoDB: Using SSE2 crc32 instructions
2024-11-12 16:13:24 0 [Note] InnoDB: Initializing buffer pool, total size = 16M, instances = 1, chunk size = 16M
2024-11-12 16:13:24 0 [Note] InnoDB: Completed initialization of buffer pool
2024-11-12 16:13:24 0 [Note] InnoDB: Starting crash recovery from checkpoint LSN=7478992
2024-11-12 16:13:24 0 [Note] InnoDB: 128 out of 128 rollback segments are active.
2024-11-12 16:13:24 0 [Note] InnoDB: Removed temporary tablespace data file: "ibtmp1"
2024-11-12 16:13:24 0 [Note] InnoDB: Creating shared tablespace for temporary tables
2024-11-12 16:13:24 0 [Note] InnoDB: Setting file 'C:\xampp\mysql\data\ibtmp1' size to 12 MB. Physically writing the file full; Please wait ...
2024-11-12 16:13:24 0 [Note] InnoDB: File 'C:\xampp\mysql\data\ibtmp1' size is now 12 MB.
2024-11-12 16:13:24 0 [Note] InnoDB: Waiting for purge to start
2024-11-12 16:13:24 0 [Note] InnoDB: 10.4.32 started; log sequence number 7479001; transaction id 9405
2024-11-12 16:13:24 0 [Note] InnoDB: Loading buffer pool(s) from C:\xampp\mysql\data\ib_buffer_pool
2024-11-12 16:13:24 0 [Note] Plugin 'FEEDBACK' is disabled.
2024-11-12 16:13:24 0 [Note] Server socket created on IP: '::'.
2024-11-13 10:02:54 0 [Note] Starting MariaDB 10.4.32-MariaDB source revision c4143f909528e3fab0677a28631d10389354c491 as process 10412
2024-11-13 10:02:54 0 [Note] InnoDB: Mutexes and rw_locks use Windows interlocked functions
2024-11-13 10:02:54 0 [Note] InnoDB: Uses event mutexes
2024-11-13 10:02:54 0 [Note] InnoDB: Compressed tables use zlib 1.3
2024-11-13 10:02:54 0 [Note] InnoDB: Number of pools: 1
2024-11-13 10:02:54 0 [Note] InnoDB: Using SSE2 crc32 instructions
2024-11-13 10:02:54 0 [Note] InnoDB: Initializing buffer pool, total size = 16M, instances = 1, chunk size = 16M
2024-11-13 10:02:54 0 [Note] InnoDB: Completed initialization of buffer pool
2024-11-13 10:02:54 0 [Note] InnoDB: Starting crash recovery from checkpoint LSN=7480635
2024-11-13 10:02:55 0 [Note] InnoDB: 128 out of 128 rollback segments are active.
2024-11-13 10:02:55 0 [Note] InnoDB: Removed temporary tablespace data file: "ibtmp1"
2024-11-13 10:02:55 0 [Note] InnoDB: Creating shared tablespace for temporary tables
2024-11-13 10:02:55 0 [Note] InnoDB: Setting file 'C:\xampp\mysql\data\ibtmp1' size to 12 MB. Physically writing the file full; Please wait ...
2024-11-13 10:02:55 0 [Note] InnoDB: File 'C:\xampp\mysql\data\ibtmp1' size is now 12 MB.
2024-11-13 10:02:55 0 [Note] InnoDB: Waiting for purge to start
2024-11-13 10:02:55 0 [Note] InnoDB: 10.4.32 started; log sequence number 7480644; transaction id 9441
2024-11-13 10:02:55 0 [Note] InnoDB: Loading buffer pool(s) from C:\xampp\mysql\data\ib_buffer_pool
2024-11-13 10:02:55 0 [Note] Plugin 'FEEDBACK' is disabled.
2024-11-13 10:02:55 0 [Note] InnoDB: Buffer pool(s) load completed at 241113 10:02:55
2024-11-13 10:02:55 0 [Note] Server socket created on IP: '::'.
2024-11-14 10:30:55 0 [Note] Starting MariaDB 10.4.32-MariaDB source revision c4143f909528e3fab0677a28631d10389354c491 as process 15428
2024-11-14 10:30:55 0 [Note] InnoDB: Mutexes and rw_locks use Windows interlocked functions
2024-11-14 10:30:55 0 [Note] InnoDB: Uses event mutexes
2024-11-14 10:30:55 0 [Note] InnoDB: Compressed tables use zlib 1.3
2024-11-14 10:30:55 0 [Note] InnoDB: Number of pools: 1
2024-11-14 10:30:55 0 [Note] InnoDB: Using SSE2 crc32 instructions
2024-11-14 10:30:55 0 [Note] InnoDB: Initializing buffer pool, total size = 16M, instances = 1, chunk size = 16M
2024-11-14 10:30:55 0 [Note] InnoDB: Completed initialization of buffer pool
2024-11-14 10:30:55 0 [Note] InnoDB: Starting crash recovery from checkpoint LSN=7480653
2024-11-14 10:30:58 0 [Note] InnoDB: 128 out of 128 rollback segments are active.
2024-11-14 10:30:58 0 [Note] InnoDB: Removed temporary tablespace data file: "ibtmp1"
2024-11-14 10:30:58 0 [Note] InnoDB: Creating shared tablespace for temporary tables
2024-11-14 10:30:58 0 [Note] InnoDB: Setting file 'C:\xampp\mysql\data\ibtmp1' size to 12 MB. Physically writing the file full; Please wait ...
2024-11-14 10:30:58 0 [Note] InnoDB: File 'C:\xampp\mysql\data\ibtmp1' size is now 12 MB.
2024-11-14 10:30:58 0 [Note] InnoDB: Waiting for purge to start
2024-11-14 10:30:58 0 [Note] InnoDB: 10.4.32 started; log sequence number 7480662; transaction id 9441
2024-11-14 10:30:58 0 [Note] InnoDB: Loading buffer pool(s) from C:\xampp\mysql\data\ib_buffer_pool
2024-11-14 10:30:58 0 [Note] Plugin 'FEEDBACK' is disabled.
2024-11-14 10:30:58 0 [Note] InnoDB: Buffer pool(s) load completed at 241114 10:30:58
2024-11-14 10:30:58 0 [Note] Server socket created on IP: '::'.
2024-11-15  6:56:52 0 [Note] Starting MariaDB 10.4.32-MariaDB source revision c4143f909528e3fab0677a28631d10389354c491 as process 19336
2024-11-15  6:56:52 0 [Note] InnoDB: Mutexes and rw_locks use Windows interlocked functions
2024-11-15  6:56:52 0 [Note] InnoDB: Uses event mutexes
2024-11-15  6:56:52 0 [Note] InnoDB: Compressed tables use zlib 1.3
2024-11-15  6:56:52 0 [Note] InnoDB: Number of pools: 1
2024-11-15  6:56:52 0 [Note] InnoDB: Using SSE2 crc32 instructions
2024-11-15  6:56:52 0 [Note] InnoDB: Initializing buffer pool, total size = 16M, instances = 1, chunk size = 16M
2024-11-15  6:56:52 0 [Note] InnoDB: Completed initialization of buffer pool
2024-11-15  6:56:52 0 [Note] InnoDB: Starting crash recovery from checkpoint LSN=7864770
2024-11-15  6:56:53 0 [Note] InnoDB: 128 out of 128 rollback segments are active.
2024-11-15  6:56:53 0 [Note] InnoDB: Removed temporary tablespace data file: "ibtmp1"
2024-11-15  6:56:53 0 [Note] InnoDB: Creating shared tablespace for temporary tables
2024-11-15  6:56:53 0 [Note] InnoDB: Setting file 'C:\xampp\mysql\data\ibtmp1' size to 12 MB. Physically writing the file full; Please wait ...
2024-11-15  6:56:53 0 [Note] InnoDB: File 'C:\xampp\mysql\data\ibtmp1' size is now 12 MB.
2024-11-15  6:56:53 0 [Note] InnoDB: Waiting for purge to start
2024-11-15  6:56:53 0 [Note] InnoDB: 10.4.32 started; log sequence number 7864779; transaction id 9907
2024-11-15  6:56:53 0 [Note] InnoDB: Loading buffer pool(s) from C:\xampp\mysql\data\ib_buffer_pool
2024-11-15  6:56:53 0 [Note] Plugin 'FEEDBACK' is disabled.
2024-11-15  6:56:53 0 [Note] Server socket created on IP: '::'.
2024-11-17  6:27:32 0 [Note] Starting MariaDB 10.4.32-MariaDB source revision c4143f909528e3fab0677a28631d10389354c491 as process 880
2024-11-17  6:27:32 0 [Note] InnoDB: Mutexes and rw_locks use Windows interlocked functions
2024-11-17  6:27:32 0 [Note] InnoDB: Uses event mutexes
2024-11-17  6:27:32 0 [Note] InnoDB: Compressed tables use zlib 1.3
2024-11-17  6:27:32 0 [Note] InnoDB: Number of pools: 1
2024-11-17  6:27:32 0 [Note] InnoDB: Using SSE2 crc32 instructions
2024-11-17  6:27:32 0 [Note] InnoDB: Initializing buffer pool, total size = 16M, instances = 1, chunk size = 16M
2024-11-17  6:27:32 0 [Note] InnoDB: Completed initialization of buffer pool
2024-11-17  6:27:32 0 [Note] InnoDB: Starting crash recovery from checkpoint LSN=7912670
2024-11-17  6:27:33 0 [Note] InnoDB: 128 out of 128 rollback segments are active.
2024-11-17  6:27:33 0 [Note] InnoDB: Removed temporary tablespace data file: "ibtmp1"
2024-11-17  6:27:33 0 [Note] InnoDB: Creating shared tablespace for temporary tables
2024-11-17  6:27:33 0 [Note] InnoDB: Setting file 'C:\xampp\mysql\data\ibtmp1' size to 12 MB. Physically writing the file full; Please wait ...
2024-11-17  6:27:33 0 [Note] InnoDB: File 'C:\xampp\mysql\data\ibtmp1' size is now 12 MB.
2024-11-17  6:27:33 0 [Note] InnoDB: Waiting for purge to start
2024-11-17  6:27:33 0 [Note] InnoDB: 10.4.32 started; log sequence number 7912679; transaction id 10088
2024-11-17  6:27:33 0 [Note] InnoDB: Loading buffer pool(s) from C:\xampp\mysql\data\ib_buffer_pool
2024-11-17  6:27:33 0 [Note] Plugin 'FEEDBACK' is disabled.
2024-11-17  6:27:33 0 [Note] InnoDB: Buffer pool(s) load completed at 241117  6:27:33
2024-11-17  6:27:33 0 [Note] Server socket created on IP: '::'.
